BILL-TO NUMBER,BILL-TO NAME,PERIOD,LOGINID,CITY,COST CENTER,USER NAME,USER FIRST NAME,USAGE TYPE,GROSS CHARGES,ADJUSTED CHARGES,CURRENCY,SCIFINDER PLATFORM,USAGE DESCRIPTION,USAGE QUANTITY
398844,iGroup Asia Pacific Ltd,201406,CHANG529197,Hsin-chu,,Chang,Cain Hua,SCIFINDER GOVERNMENT,0.00,0.00,USD,SciFinder Web,Explore by Research Topic Web,1
398844,iGroup Asia Pacific Ltd,201406,CHANG529197,Hsin-chu,,Chang,Cain Hua,SCIFINDER GOVERNMENT,0.00,0.00,USD,SciFinder Web,References - Get Substances Web,1
398844,iGroup Asia Pacific Ltd,201406,CHANG990547,Hsin-chu,,Chang,Chih-Ching,SCIFINDER GOVERNMENT,0.00,0.00,USD,SciFinder Web,Explore by Substructure,2
398844,iGroup Asia Pacific Ltd,201406,CHANGA10072,Hsin-chu,,Chang,Yu-Fang,SCIFINDER GOVERNMENT,0.00,0.00,USD,SciFinder Web,Explore by Research Topic Web,3
398844,iGroup Asia Pacific Ltd,201406,CHANGA10361,Hsin-chu,,Chang,Cha-Wen,SCIFINDER GOVERNMENT,0.00,0.00,USD,SciFinder Web,Explore by Author Name Web,2
398844,iGroup Asia Pacific Ltd,201406,CHANGA10361,Hsin-chu,,Chang,Cha-Wen,SCIFINDER GOVERNMENT,0.00,0.00,USD,SciFinder Web,Explore by Research Topic Web,14
398844,iGroup Asia Pacific Ltd,201406,CHEN451479,Hsin-chu,,Chen,Pei-Chin,SCIFINDER GOVERNMENT,0.00,0.00,USD,SciFinder Web,Explore by Research Topic Web,9
398844,iGroup Asia Pacific Ltd,201406,CHEN750103,Hsin-chu,,Chen,Chih-Hung,SCIFINDER GOVERNMENT,0.00,0.00,USD,SciFinder Web,Explore by Structures,2
398844,iGroup Asia Pacific Ltd,201406,CHEN750103,Hsin-chu,,Chen,Chih-Hung,SCIFINDER GOVERNMENT,0.00,0.00,USD,SciFinder Web,Explore by Structure Similarity,7
398844,iGroup Asia Pacific Ltd,201406,CHEN750103,Hsin-chu,,Chen,Chih-Hung,SCIFINDER GOVERNMENT,0.00,0.00,USD,SciFinder Web,Substances - Get Reactions Web,3
398844,iGroup Asia Pacific Ltd,201406,CHEN810125,Hsin-chu,,Chen,Kuo-Ti,SCIFINDER GOVERNMENT,0.00,0.00,USD,SciFinder Web,Explore by Research Topic Web,4
398844,iGroup Asia Pacific Ltd,201406,CHEN960356,Hsin-chu,,Chen,Sue-May,SCIFINDER GOVERNMENT,0.00,0.00,USD,SciFinder Web,Explore by Research Topic Web,3
398844,iGroup Asia Pacific Ltd,201406,CHENA20117,Hsin-chu,,Chen,Po-Ju,SCIFINDER GOVERNMENT,0.00,0.00,USD,SciFinder Web,Explore by Research Topic Web,3
398844,iGroup Asia Pacific Ltd,201406,CHENG950330,Hsin-chu,,Cheng,chien hsien,SCIFINDER GOVERNMENT,0.00,0.00,USD,SciFinder Web,Explore Reactions,2
398844,iGroup Asia Pacific Ltd,201406,CHIANG529249,Hsin-chu,,Chiang,Yi-Kun,SCIFINDER GOVERNMENT,0.00,0.00,USD,SciFinder Web,Explore by Structures,1
398844,iGroup Asia Pacific Ltd,201406,CHIANG529249,Hsin-chu,,Chiang,Yi-Kun,SCIFINDER GOVERNMENT,0.00,0.00,USD,SciFinder Web,Locate by Substance ID,4
398844,iGroup Asia Pacific Ltd,201406,CHIU990358,Hsin-chu,,Chiu,Jen-Chun,SCIFINDER GOVERNMENT,0.00,0.00,USD,SciFinder Web,Explore by Structure Similarity,1
398844,iGroup Asia Pacific Ltd,201406,CHOU940132,Hsin-chu,,Chou,Tsung-Yi,SCIFINDER GOVERNMENT,0.00,0.00,USD,SciFinder Client,Keep-Me-Posted Weekly by Substructure,1
398844,iGroup Asia Pacific Ltd,201406,CHUANGA10426,Hsin-chu,,Chuang,Kai-An,SCIFINDER GOVERNMENT,0.00,0.00,USD,SciFinder Web,Explore by Research Topic Web,2
398844,iGroup Asia Pacific Ltd,201406,CHUANGA10426,Hsin-chu,,Chuang,Kai-An,SCIFINDER GOVERNMENT,0.00,0.00,USD,SciFinder Web,References - Get Substances Web,1
398844,iGroup Asia Pacific Ltd,201406,FAN522232,Hsin-chu,,Fan,Wei-Hsuan,SCIFINDER GOVERNMENT,0.00,0.00,USD,SciFinder Web,Explore by Research Topic Web,3
398844,iGroup Asia Pacific Ltd,201406,FAN940123,Hsin-chu,,Fan,Cheng-Hsing,SCIFINDER GOVERNMENT,0.00,0.00,USD,SciFinder Web,Locate by Substance ID,6
398844,iGroup Asia Pacific Ltd,201406,FAN940123,Hsin-chu,,Fan,Cheng-Hsing,SCIFINDER GOVERNMENT,0.00,0.00,USD,SciFinder Web,Explore by Research Topic Web,2
398844,iGroup Asia Pacific Ltd,201406,FAN940123,Hsin-chu,,Fan,Cheng-Hsing,SCIFINDER GOVERNMENT,0.00,0.00,USD,SciFinder Web,References - Get Reactions Web,2
398844,iGroup Asia Pacific Ltd,201406,FAN940123,Hsin-chu,,Fan,Cheng-Hsing,SCIFINDER GOVERNMENT,0.00,0.00,USD,SciFinder Web,Substances - Get Reactions Web,4
398844,iGroup Asia Pacific Ltd,201406,HSIANG990261,Hsin-chu,,Hsiang,Shou-Jui,SCIFINDER GOVERNMENT,0.00,0.00,USD,SciFinder Web,Explore by Research Topic Web,9
398844,iGroup Asia Pacific Ltd,201406,HUANG950654,Hsin-chu,,Huang,Kumg-Hsun,SCIFINDER GOVERNMENT,0.00,0.00,USD,SciFinder Web,Explore Reactions,1
398844,iGroup Asia Pacific Ltd,201406,HUANG950654,Hsin-chu,,Huang,Kumg-Hsun,SCIFINDER GOVERNMENT,0.00,0.00,USD,SciFinder Web,Explore by Research Topic Web,15
398844,iGroup Asia Pacific Ltd,201406,HUANG980005,Hsin-chu,,Huang,Jui-wen,SCIFINDER GOVERNMENT,0.00,0.00,USD,SciFinder Web,Explore by Substructure,2
398844,iGroup Asia Pacific Ltd,201406,HUANG980005,Hsin-chu,,Huang,Jui-wen,SCIFINDER GOVERNMENT,0.00,0.00,USD,SciFinder Web,Explore by Structure Similarity,1
398844,iGroup Asia Pacific Ltd,201406,HUANG980005,Hsin-chu,,Huang,Jui-wen,SCIFINDER GOVERNMENT,0.00,0.00,USD,SciFinder Client,Keep-Me-Posted Weekly by Exact Structure,1
398844,iGroup Asia Pacific Ltd,201406,HUNG850169,Hsin-chu,,Hung,Chi-Y,SCIFINDER GOVERNMENT,0.00,0.00,USD,SciFinder Web,Explore Reactions,3
398844,iGroup Asia Pacific Ltd,201406,HUNG850169,Hsin-chu,,Hung,Chi-Y,SCIFINDER GOVERNMENT,0.00,0.00,USD,SciFinder Web,Explore by Substructure,4
398844,iGroup Asia Pacific Ltd,201406,KUAN960263,Hsin-chu,,Kuan,mtkuan,SCIFINDER GOVERNMENT,0.00,0.00,USD,SciFinder Web,Explore by Research Topic Web,16
398844,iGroup Asia Pacific Ltd,201406,KUAN960263,Hsin-chu,,Kuan,mtkuan,SCIFINDER GOVERNMENT,0.00,0.00,USD,SciFinder Web,References - Get Substances Web,1
398844,iGroup Asia Pacific Ltd,201406,KUAN960263,Hsin-chu,,Kuan,mtkuan,SCIFINDER GOVERNMENT,0.00,0.00,USD,SciFinder Web,References - Get Reactions Web,6
398844,iGroup Asia Pacific Ltd,201406,KUAN960263,Hsin-chu,,Kuan,mtkuan,SCIFINDER GOVERNMENT,0.00,0.00,USD,SciFinder Web,Substances - Get Reactions Web,1
398844,iGroup Asia Pacific Ltd,201406,LEE900001,Hsin-chu,,Lee,On,SCIFINDER GOVERNMENT,0.00,0.00,USD,SciFinder Web,Explore by Structures,68
398844,iGroup Asia Pacific Ltd,201406,LEE900001,Hsin-chu,,Lee,On,SCIFINDER GOVERNMENT,0.00,0.00,USD,SciFinder Web,Explore Reactions,10
398844,iGroup Asia Pacific Ltd,201406,LEE900001,Hsin-chu,,Lee,On,SCIFINDER GOVERNMENT,0.00,0.00,USD,SciFinder Web,Explore by Substructure,56
398844,iGroup Asia Pacific Ltd,201406,LEE900001,Hsin-chu,,Lee,On,SCIFINDER GOVERNMENT,0.00,0.00,USD,SciFinder Web,Closed Reaction Search,6
398844,iGroup Asia Pacific Ltd,201406,LEE900001,Hsin-chu,,Lee,On,SCIFINDER GOVERNMENT,0.00,0.00,USD,SciFinder Web,Locate by Substance ID,22
398844,iGroup Asia Pacific Ltd,201406,LEE900001,Hsin-chu,,Lee,On,SCIFINDER GOVERNMENT,0.00,0.00,USD,SciFinder Web,Reactions - Get Reactions Web,22
398844,iGroup Asia Pacific Ltd,201406,LEE900001,Hsin-chu,,Lee,On,SCIFINDER GOVERNMENT,0.00,0.00,USD,SciFinder Web,Substances - Get Reactions Web,121
398844,iGroup Asia Pacific Ltd,201406,LEEA20207,Hsin-chu,,Lee,Hsuan-Wei,SCIFINDER GOVERNMENT,0.00,0.00,USD,SciFinder Web,Explore by Substructure,13
398844,iGroup Asia Pacific Ltd,201406,LEEA20207,Hsin-chu,,Lee,Hsuan-Wei,SCIFINDER GOVERNMENT,0.00,0.00,USD,SciFinder Web,Explore by Research Topic Web,10
398844,iGroup Asia Pacific Ltd,201406,LIA20313,Hsin-chu,,Li,Jheng-Sian,SCIFINDER GOVERNMENT,0.00,0.00,USD,SciFinder Web,Explore by Research Topic Web,2
398844,iGroup Asia Pacific Ltd,201406,LIN451048,Hsin-chu,,Lin,Yu-Chen,SCIFINDER GOVERNMENT,0.00,0.00,USD,SciFinder Web,Explore Reactions,3
398844,iGroup Asia Pacific Ltd,201406,LIN451048,Hsin-chu,,Lin,Yu-Chen,SCIFINDER GOVERNMENT,0.00,0.00,USD,SciFinder Web,Closed Reaction Search,1
398844,iGroup Asia Pacific Ltd,201406,LIN451048,Hsin-chu,,Lin,Yu-Chen,SCIFINDER GOVERNMENT,0.00,0.00,USD,SciFinder Web,Explore by Research Topic Web,1
398844,iGroup Asia Pacific Ltd,201406,LIN870456,Hsin-chu,,Lin,Ya-Hui,SCIFINDER GOVERNMENT,0.00,0.00,USD,SciFinder Web,Explore by Research Topic Web,5
398844,iGroup Asia Pacific Ltd,201406,LIN870786,Hsin-chu,,Lin,Mei-Ru,SCIFINDER GOVERNMENT,0.00,0.00,USD,SciFinder Web,Explore by Molecular Formula,3
398844,iGroup Asia Pacific Ltd,201406,LIN870786,Hsin-chu,,Lin,Mei-Ru,SCIFINDER GOVERNMENT,0.00,0.00,USD,SciFinder Web,Locate by Substance ID,1
398844,iGroup Asia Pacific Ltd,201406,LIN870786,Hsin-chu,,Lin,Mei-Ru,SCIFINDER GOVERNMENT,0.00,0.00,USD,SciFinder Web,Explore by Research Topic Web,9
398844,iGroup Asia Pacific Ltd,201406,LIN950048,Hsin-chu,,Lin,Sheng Lin,SCIFINDER GOVERNMENT,0.00,0.00,USD,SciFinder Web,Explore by Structures,2
398844,iGroup Asia Pacific Ltd,201406,LIN950048,Hsin-chu,,Lin,Sheng Lin,SCIFINDER GOVERNMENT,0.00,0.00,USD,SciFinder Web,Explore by Substructure,5
398844,iGroup Asia Pacific Ltd,201406,LINA10270,Hsin-chu,,Lin,Wang-Chung,SCIFINDER GOVERNMENT,0.00,0.00,USD,SciFinder Web,Explore Reactions,5
398844,iGroup Asia Pacific Ltd,201406,LIOU000143,Hsin-chu,,liou,jia-Lun,SCIFINDER GOVERNMENT,0.00,0.00,USD,SciFinder Web,Explore Reactions,3
398844,iGroup Asia Pacific Ltd,201406,LIOU000143,Hsin-chu,,liou,jia-Lun,SCIFINDER GOVERNMENT,0.00,0.00,USD,SciFinder Web,Explore by Substructure,1
398844,iGroup Asia Pacific Ltd,201406,LIOU000143,Hsin-chu,,liou,jia-Lun,SCIFINDER GOVERNMENT,0.00,0.00,USD,SciFinder Web,References - Get Reactions Web,1
398844,iGroup Asia Pacific Ltd,201406,LIOU000143,Hsin-chu,,liou,jia-Lun,SCIFINDER GOVERNMENT,0.00,0.00,USD,SciFinder Web,Substances - Get Reactions Web,1
398844,iGroup Asia Pacific Ltd,201406,LO850446,Hsin-chu,,Lo,Chao-Chun,SCIFINDER GOVERNMENT,0.00,0.00,USD,SciFinder Web,Keep-Me-Posted Weekly Web,16
398844,iGroup Asia Pacific Ltd,201406,SCIRL4500,Hsin-chu,,Song,Tsing-Tang,SCIFINDER GOVERNMENT,0.00,0.00,USD,SciFinder Web,Explore by Research Topic Web,1
398844,iGroup Asia Pacific Ltd,201406,SCISN1281,Hsin-chu,,Wei,Swallow,SCIFINDER GOVERNMENT,0.00,0.00,USD,SciFinder Client,Keep-Me-Posted Weekly,1
398844,iGroup Asia Pacific Ltd,201406,SFGMW137,Hsin-chu,,Yeh,Cheng-Wei,SCIFINDER GOVERNMENT,0.00,0.00,USD,SciFinder Web,Explore by Structures,1
398844,iGroup Asia Pacific Ltd,201406,SFGMW137,Hsin-chu,,Yeh,Cheng-Wei,SCIFINDER GOVERNMENT,0.00,0.00,USD,SciFinder Web,Closed Reaction Search,4
398844,iGroup Asia Pacific Ltd,201406,SFGMW138,Hsin-chu,,Huang,Pei-Chen,SCIFINDER GOVERNMENT,0.00,0.00,USD,SciFinder Client,Keep-Me-Posted Weekly,1
398844,iGroup Asia Pacific Ltd,201406,SFGMW138,Hsin-chu,,Huang,Pei-Chen,SCIFINDER GOVERNMENT,0.00,0.00,USD,SciFinder Client,Keep-Me-Posted Weekly by Substructure,2
398844,iGroup Asia Pacific Ltd,201406,SFGMW139,Hsin-chu,,Tsai,Yung-Yu,SCIFINDER GOVERNMENT,0.00,0.00,USD,SciFinder Client,Keep-Me-Posted Weekly by Exact Structure,8
398844,iGroup Asia Pacific Ltd,201406,SFGMW139,Hsin-chu,,Tsai,Yung-Yu,SCIFINDER GOVERNMENT,0.00,0.00,USD,SciFinder Client,Keep-Me-Posted Weekly by Substructure,1
398844,iGroup Asia Pacific Ltd,201406,SFGSS354,Hsin-chu,,Lin,Yung-Chan,SCIFINDER GOVERNMENT,0.00,0.00,USD,SciFinder Web,Closed Reaction Search,2
398844,iGroup Asia Pacific Ltd,201406,SFGSS354,Hsin-chu,,Lin,Yung-Chan,SCIFINDER GOVERNMENT,0.00,0.00,USD,SciFinder Client,Keep-Me-Posted Weekly by Exact Structure,2
398844,iGroup Asia Pacific Ltd,201406,SFGSS356,Hsin-chu,,Chen,Mei-Wen,SCIFINDER GOVERNMENT,0.00,0.00,USD,SciFinder Client,Keep-Me-Posted Weekly by Exact Structure,1
398844,iGroup Asia Pacific Ltd,201406,SFGSS357,Hsin-chu,,Chen,Claire,SCIFINDER GOVERNMENT,0.00,0.00,USD,SciFinder Web,Locate by Substance ID,7
398844,iGroup Asia Pacific Ltd,201406,SFGSS357,Hsin-chu,,Chen,Claire,SCIFINDER GOVERNMENT,0.00,0.00,USD,SciFinder Web,Explore by Research Topic Web,9
398844,iGroup Asia Pacific Ltd,201406,SFGSS357,Hsin-chu,,Chen,Claire,SCIFINDER GOVERNMENT,0.00,0.00,USD,SciFinder Web,References - Get Substances Web,1
398844,iGroup Asia Pacific Ltd,201406,SFGSS362,Hsin-chu,,Lo,Sandra,SCIFINDER GOVERNMENT,0.00,0.00,USD,SciFinder Client,Keep-Me-Posted Weekly by Exact Structure,1
398844,iGroup Asia Pacific Ltd,201406,SFGSS366,Hsin-chu,,Lee,Lain-Tze,SCIFINDER GOVERNMENT,0.00,0.00,USD,SciFinder Client,Keep-Me-Posted Weekly,1
398844,iGroup Asia Pacific Ltd,201406,SFGSS366,Hsin-chu,,Lee,Lain-Tze,SCIFINDER GOVERNMENT,0.00,0.00,USD,SciFinder Client,Keep-Me-Posted Weekly by Exact Structure,1
398844,iGroup Asia Pacific Ltd,201406,SFGSS366,Hsin-chu,,Lee,Lain-Tze,SCIFINDER GOVERNMENT,0.00,0.00,USD,SciFinder Client,Keep-Me-Posted Weekly by Substructure,1
398844,iGroup Asia Pacific Ltd,201406,SFGSS370,Hsin-chu,,Chin,Gino,SCIFINDER GOVERNMENT,0.00,0.00,USD,SciFinder Client,Keep-Me-Posted Weekly by Exact Structure,9
398844,iGroup Asia Pacific Ltd,201406,SFGSS370,Hsin-chu,,Chin,Gino,SCIFINDER GOVERNMENT,0.00,0.00,USD,SciFinder Client,Keep-Me-Posted Weekly by Substructure,4
398844,iGroup Asia Pacific Ltd,201406,SFGSS370,Hsin-chu,,Chin,Gino,SCIFINDER GOVERNMENT,0.00,0.00,USD,SciFinder Web,Explore by Research Topic Web,10
398844,iGroup Asia Pacific Ltd,201406,SFGSS385,Hsin-chu,,Yang,Wei-Ta,SCIFINDER GOVERNMENT,0.00,0.00,USD,SciFinder Client,Keep-Me-Posted Weekly by Exact Structure,2
398844,iGroup Asia Pacific Ltd,201406,SFGSS400,Hsin-chu,,Jenn-Tsang,Hwang,SCIFINDER GOVERNMENT,0.00,0.00,USD,SciFinder Client,Keep-Me-Posted Weekly by Exact Structure,1
398844,iGroup Asia Pacific Ltd,201406,SFGSS400,Hsin-chu,,Jenn-Tsang,Hwang,SCIFINDER GOVERNMENT,0.00,0.00,USD,SciFinder Client,Keep-Me-Posted Weekly by Substructure,3
398844,iGroup Asia Pacific Ltd,201406,SFGSS403,Hsin-chu,,Long,Yean-San,SCIFINDER GOVERNMENT,0.00,0.00,USD,SciFinder Client,Keep-Me-Posted Weekly by Exact Structure,1
398844,iGroup Asia Pacific Ltd,201406,SHEN980073,Hsin-chu,,Shen,Roi,SCIFINDER GOVERNMENT,0.00,0.00,USD,SciFinder Web,Explore by Research Topic Web,8
398844,iGroup Asia Pacific Ltd,201406,SU940466,Hsin-chu,,Su,Ting-Yao,SCIFINDER GOVERNMENT,0.00,0.00,USD,SciFinder Web,Explore by Research Topic Web,9
398844,iGroup Asia Pacific Ltd,201406,SU960257,Hsin-chu,,Su,Yu-Yang,SCIFINDER GOVERNMENT,0.00,0.00,USD,SciFinder Web,Explore by Substructure,1
398844,iGroup Asia Pacific Ltd,201406,SU960257,Hsin-chu,,Su,Yu-Yang,SCIFINDER GOVERNMENT,0.00,0.00,USD,SciFinder Web,Explore by Research Topic Web,5
398844,iGroup Asia Pacific Ltd,201406,TSAI450946,Hsin-chu,,Tsai,i-Hsuan,SCIFINDER GOVERNMENT,0.00,0.00,USD,SciFinder Web,Explore Reactions,2
398844,iGroup Asia Pacific Ltd,201406,TSAI740212,Hsin-chu,,Tsai,Frank,SCIFINDER GOVERNMENT,0.00,0.00,USD,SciFinder Web,Explore by Research Topic Web,2
398844,iGroup Asia Pacific Ltd,201406,WANG409520,Hsin-chu,,Wang,Chia-Chun,SCIFINDER GOVERNMENT,0.00,0.00,USD,SciFinder Web,Explore Reactions,2
398844,iGroup Asia Pacific Ltd,201406,WANG930499,Hsin-chu,,Wang,Wen-Hsien,SCIFINDER GOVERNMENT,0.00,0.00,USD,SciFinder Web,Explore by Structures,1
398844,iGroup Asia Pacific Ltd,201406,WANG930499,Hsin-chu,,Wang,Wen-Hsien,SCIFINDER GOVERNMENT,0.00,0.00,USD,SciFinder Web,Explore Reactions,1
398844,iGroup Asia Pacific Ltd,201406,WANG930499,Hsin-chu,,Wang,Wen-Hsien,SCIFINDER GOVERNMENT,0.00,0.00,USD,SciFinder Web,Explore by Substructure,28
398844,iGroup Asia Pacific Ltd,201406,WANG930499,Hsin-chu,,Wang,Wen-Hsien,SCIFINDER GOVERNMENT,0.00,0.00,USD,SciFinder Web,Index Term Search,3
398844,iGroup Asia Pacific Ltd,201406,WANG930499,Hsin-chu,,Wang,Wen-Hsien,SCIFINDER GOVERNMENT,0.00,0.00,USD,SciFinder Web,Explore by Molecular Formula,1
398844,iGroup Asia Pacific Ltd,201406,WANG930499,Hsin-chu,,Wang,Wen-Hsien,SCIFINDER GOVERNMENT,0.00,0.00,USD,SciFinder Web,Locate by Substance ID,6
398844,iGroup Asia Pacific Ltd,201406,WANG930499,Hsin-chu,,Wang,Wen-Hsien,SCIFINDER GOVERNMENT,0.00,0.00,USD,SciFinder Web,Explore by Research Topic Web,12
398844,iGroup Asia Pacific Ltd,201406,WANG930499,Hsin-chu,,Wang,Wen-Hsien,SCIFINDER GOVERNMENT,0.00,0.00,USD,SciFinder Web,References - Get Substances Web,1
398844,iGroup Asia Pacific Ltd,201406,WANG930499,Hsin-chu,,Wang,Wen-Hsien,SCIFINDER GOVERNMENT,0.00,0.00,USD,SciFinder Web,References - Get Reactions Web,3
398844,iGroup Asia Pacific Ltd,201406,WANG930499,Hsin-chu,,Wang,Wen-Hsien,SCIFINDER GOVERNMENT,0.00,0.00,USD,SciFinder Web,Substances - Get Reactions Web,24
398844,iGroup Asia Pacific Ltd,201406,WANG930499,Hsin-chu,,Wang,Wen-Hsien,SCIFINDER GOVERNMENT,0.00,0.00,USD,SciFinder Web,Get Similar Reactions Web,2
398844,iGroup Asia Pacific Ltd,201406,WANG970550,Hsin-chu,,Wang,Kuo-Chang,SCIFINDER GOVERNMENT,0.00,0.00,USD,SciFinder Web,Explore Reactions,1
398844,iGroup Asia Pacific Ltd,201406,WANG970550,Hsin-chu,,Wang,Kuo-Chang,SCIFINDER GOVERNMENT,0.00,0.00,USD,SciFinder Web,Explore by Substructure,1
398844,iGroup Asia Pacific Ltd,201406,WANGA00177,Hsin-chu,,Wang,Yi-Rong,SCIFINDER GOVERNMENT,0.00,0.00,USD,SciFinder Web,Explore by Structures,1
398844,iGroup Asia Pacific Ltd,201406,WANGA00177,Hsin-chu,,Wang,Yi-Rong,SCIFINDER GOVERNMENT,0.00,0.00,USD,SciFinder Web,Explore Reactions,2
398844,iGroup Asia Pacific Ltd,201406,WANGA00177,Hsin-chu,,Wang,Yi-Rong,SCIFINDER GOVERNMENT,0.00,0.00,USD,SciFinder Web,Explore by Substructure,2
398844,iGroup Asia Pacific Ltd,201406,WANGA00177,Hsin-chu,,Wang,Yi-Rong,SCIFINDER GOVERNMENT,0.00,0.00,USD,SciFinder Web,Explore by Research Topic Web,10
398844,iGroup Asia Pacific Ltd,201406,WU880175,Hsin-chu,,Wu,Cheng-Tao,SCIFINDER GOVERNMENT,0.00,0.00,USD,SciFinder Web,Explore by Research Topic Web,2
398844,iGroup Asia Pacific Ltd,201406,WU880175,Hsin-chu,,Wu,Cheng-Tao,SCIFINDER GOVERNMENT,0.00,0.00,USD,SciFinder Web,Explore by Document ID Web,56
398844,iGroup Asia Pacific Ltd,201406,WU900348,Hsin-chu,,Wu,Hsin-Chieh,SCIFINDER GOVERNMENT,0.00,0.00,USD,SciFinder Web,Explore by Research Topic Web,20
398844,iGroup Asia Pacific Ltd,201406,YEH940398,Hsin-chu,,Yeh,Kuo-Liang,SCIFINDER GOVERNMENT,0.00,0.00,USD,SciFinder Web,Explore Reactions,1
