BILL-TO NUMBER,BILL-TO NAME,PERIOD,LOGINID,CITY,COST CENTER,USER NAME,USER FIRST NAME,USAGE TYPE,GROSS CHARGES,ADJUSTED CHARGES,CURRENCY,SCIFINDER PLATFORM,USAGE DESCRIPTION,USAGE QUANTITY
398844,iGroup Asia Pacific Ltd,201404,CHANG529887,Hsin-chu,,Chang,Ya-Ning,SCIFINDER GOVERNMENT,0.00,0.00,USD,SciFinder Web,Explore by Research Topic Web,2
398844,iGroup Asia Pacific Ltd,201404,CHANG950524,Hsin-chu,,Chang,Fang-Ching,SCIFINDER GOVERNMENT,0.00,0.00,USD,SciFinder Web,Explore by Research Topic Web,10
398844,iGroup Asia Pacific Ltd,201404,CHANGA10254,Hsin-chu,,Chang,Chao-Che,SCIFINDER GOVERNMENT,0.00,0.00,USD,SciFinder Web,Explore Reactions,4
398844,iGroup Asia Pacific Ltd,201404,CHANGA10254,Hsin-chu,,Chang,Chao-Che,SCIFINDER GOVERNMENT,0.00,0.00,USD,SciFinder Web,Closed Reaction Search,2
398844,iGroup Asia Pacific Ltd,201404,CHANGA10254,Hsin-chu,,Chang,Chao-Che,SCIFINDER GOVERNMENT,0.00,0.00,USD,SciFinder Web,Locate by Substance ID,2
398844,iGroup Asia Pacific Ltd,201404,CHANGA20172,Hsin-chu,,Chang,Ya-Ju,SCIFINDER GOVERNMENT,0.00,0.00,USD,SciFinder Web,Closed Reaction Search,8
398844,iGroup Asia Pacific Ltd,201404,CHAO950649,Hsin-chu,,Chao,Teng-Chih,SCIFINDER GOVERNMENT,0.00,0.00,USD,SciFinder Web,Explore Reactions,6
398844,iGroup Asia Pacific Ltd,201404,CHAO950649,Hsin-chu,,Chao,Teng-Chih,SCIFINDER GOVERNMENT,0.00,0.00,USD,SciFinder Web,Explore by Substructure,5
398844,iGroup Asia Pacific Ltd,201404,CHEN451479,Hsin-chu,,Chen,Pei-Chin,SCIFINDER GOVERNMENT,0.00,0.00,USD,SciFinder Web,Explore by Structures,5
398844,iGroup Asia Pacific Ltd,201404,CHEN451479,Hsin-chu,,Chen,Pei-Chin,SCIFINDER GOVERNMENT,0.00,0.00,USD,SciFinder Web,Explore by Substructure,1
398844,iGroup Asia Pacific Ltd,201404,CHEN451479,Hsin-chu,,Chen,Pei-Chin,SCIFINDER GOVERNMENT,0.00,0.00,USD,SciFinder Web,Explore by Structure Similarity,6
398844,iGroup Asia Pacific Ltd,201404,CHEN960444,Hsin-chu,,Chen,Yi-Shin,SCIFINDER GOVERNMENT,0.00,0.00,USD,SciFinder Web,Full Text - Get Cited Web,1
398844,iGroup Asia Pacific Ltd,201404,CHEN960444,Hsin-chu,,Chen,Yi-Shin,SCIFINDER GOVERNMENT,0.00,0.00,USD,SciFinder Web,Full Text - Get Citing Web,1
398844,iGroup Asia Pacific Ltd,201404,CHENA20117,Hsin-chu,,Chen,Po-Ju,SCIFINDER GOVERNMENT,0.00,0.00,USD,SciFinder Web,Explore by Structures,2
398844,iGroup Asia Pacific Ltd,201404,CHENA20117,Hsin-chu,,Chen,Po-Ju,SCIFINDER GOVERNMENT,0.00,0.00,USD,SciFinder Web,Explore by Substructure,5
398844,iGroup Asia Pacific Ltd,201404,CHENA20117,Hsin-chu,,Chen,Po-Ju,SCIFINDER GOVERNMENT,0.00,0.00,USD,SciFinder Web,Closed Reaction Search,1
398844,iGroup Asia Pacific Ltd,201404,CHENA20117,Hsin-chu,,Chen,Po-Ju,SCIFINDER GOVERNMENT,0.00,0.00,USD,SciFinder Web,Explore by Research Topic Web,3
398844,iGroup Asia Pacific Ltd,201404,CHOU940132,Hsin-chu,,Chou,Tsung-Yi,SCIFINDER GOVERNMENT,0.00,0.00,USD,SciFinder Client,Keep-Me-Posted Weekly by Substructure,4
398844,iGroup Asia Pacific Ltd,201404,CHUNG960660,Hsin-chu,,Chung,Yao-Chu,SCIFINDER GOVERNMENT,0.00,0.00,USD,SciFinder Web,Explore by Research Topic Web,1
398844,iGroup Asia Pacific Ltd,201404,HSIEH980198,Hsin-chu,,Hsieh,Cheng-Han,SCIFINDER GOVERNMENT,0.00,0.00,USD,SciFinder Web,Explore by Structures,1
398844,iGroup Asia Pacific Ltd,201404,HSIEH980198,Hsin-chu,,Hsieh,Cheng-Han,SCIFINDER GOVERNMENT,0.00,0.00,USD,SciFinder Web,Explore Reactions,2
398844,iGroup Asia Pacific Ltd,201404,HSIEH980198,Hsin-chu,,Hsieh,Cheng-Han,SCIFINDER GOVERNMENT,0.00,0.00,USD,SciFinder Web,Substances - Get Reactions Web,1
398844,iGroup Asia Pacific Ltd,201404,HSU990206,Hsin-chu,,Hsu,Yu-Chuan,SCIFINDER GOVERNMENT,0.00,0.00,USD,SciFinder Web,Explore by Research Topic Web,6
398844,iGroup Asia Pacific Ltd,201404,HUANG950654,Hsin-chu,,Huang,Kumg-Hsun,SCIFINDER GOVERNMENT,0.00,0.00,USD,SciFinder Web,Explore by Structures,1
398844,iGroup Asia Pacific Ltd,201404,HUANG950654,Hsin-chu,,Huang,Kumg-Hsun,SCIFINDER GOVERNMENT,0.00,0.00,USD,SciFinder Web,Explore Reactions,2
398844,iGroup Asia Pacific Ltd,201404,HUANG950654,Hsin-chu,,Huang,Kumg-Hsun,SCIFINDER GOVERNMENT,0.00,0.00,USD,SciFinder Web,Explore by Substructure,1
398844,iGroup Asia Pacific Ltd,201404,HUANG950654,Hsin-chu,,Huang,Kumg-Hsun,SCIFINDER GOVERNMENT,0.00,0.00,USD,SciFinder Web,Explore by Research Topic Web,6
398844,iGroup Asia Pacific Ltd,201404,HUANG950654,Hsin-chu,,Huang,Kumg-Hsun,SCIFINDER GOVERNMENT,0.00,0.00,USD,SciFinder Web,References - Get Substances Web,2
398844,iGroup Asia Pacific Ltd,201404,HUANG950654,Hsin-chu,,Huang,Kumg-Hsun,SCIFINDER GOVERNMENT,0.00,0.00,USD,SciFinder Web,Substances - Get Reactions Web,3
398844,iGroup Asia Pacific Ltd,201404,HUANG980005,Hsin-chu,,Huang,Jui-wen,SCIFINDER GOVERNMENT,0.00,0.00,USD,SciFinder Client,Keep-Me-Posted Weekly by Exact Structure,4
398844,iGroup Asia Pacific Ltd,201404,HUANG980005,Hsin-chu,,Huang,Jui-wen,SCIFINDER GOVERNMENT,0.00,0.00,USD,SciFinder Web,Explore by Research Topic Web,5
398844,iGroup Asia Pacific Ltd,201404,HUANGA20336,Hsin-chu,,Huang,Li-Te,SCIFINDER GOVERNMENT,0.00,0.00,USD,SciFinder Web,Explore Reactions,1
398844,iGroup Asia Pacific Ltd,201404,HUANGA20336,Hsin-chu,,Huang,Li-Te,SCIFINDER GOVERNMENT,0.00,0.00,USD,SciFinder Web,Explore by Research Topic Web,3
398844,iGroup Asia Pacific Ltd,201404,HUNG850169,Hsin-chu,,Hung,Chi-Y,SCIFINDER GOVERNMENT,0.00,0.00,USD,SciFinder Web,Explore by Structures,8
398844,iGroup Asia Pacific Ltd,201404,HUNG850169,Hsin-chu,,Hung,Chi-Y,SCIFINDER GOVERNMENT,0.00,0.00,USD,SciFinder Web,Explore Reactions,16
398844,iGroup Asia Pacific Ltd,201404,HUNG850169,Hsin-chu,,Hung,Chi-Y,SCIFINDER GOVERNMENT,0.00,0.00,USD,SciFinder Web,Explore by Substructure,18
398844,iGroup Asia Pacific Ltd,201404,HUNG850169,Hsin-chu,,Hung,Chi-Y,SCIFINDER GOVERNMENT,0.00,0.00,USD,SciFinder Web,Reactions - Get Reactions Web,1
398844,iGroup Asia Pacific Ltd,201404,HUNG850169,Hsin-chu,,Hung,Chi-Y,SCIFINDER GOVERNMENT,0.00,0.00,USD,SciFinder Web,References - Get Reactions Web,2
398844,iGroup Asia Pacific Ltd,201404,HUNG850169,Hsin-chu,,Hung,Chi-Y,SCIFINDER GOVERNMENT,0.00,0.00,USD,SciFinder Web,Substances - Get Reactions Web,1
398844,iGroup Asia Pacific Ltd,201404,HUNG850169,Hsin-chu,,Hung,Chi-Y,SCIFINDER GOVERNMENT,0.00,0.00,USD,SciFinder Web,Explore by Substructure-Markush - Web,1
398844,iGroup Asia Pacific Ltd,201404,LEE900001,Hsin-chu,,Lee,On,SCIFINDER GOVERNMENT,0.00,0.00,USD,SciFinder Web,Explore by Structures,10
398844,iGroup Asia Pacific Ltd,201404,LEE900001,Hsin-chu,,Lee,On,SCIFINDER GOVERNMENT,0.00,0.00,USD,SciFinder Web,Explore Reactions,12
398844,iGroup Asia Pacific Ltd,201404,LEE900001,Hsin-chu,,Lee,On,SCIFINDER GOVERNMENT,0.00,0.00,USD,SciFinder Web,Explore by Substructure,61
398844,iGroup Asia Pacific Ltd,201404,LEE900001,Hsin-chu,,Lee,On,SCIFINDER GOVERNMENT,0.00,0.00,USD,SciFinder Web,Closed Reaction Search,4
398844,iGroup Asia Pacific Ltd,201404,LEE900001,Hsin-chu,,Lee,On,SCIFINDER GOVERNMENT,0.00,0.00,USD,SciFinder Web,Explore by Structure Similarity,1
398844,iGroup Asia Pacific Ltd,201404,LEE900001,Hsin-chu,,Lee,On,SCIFINDER GOVERNMENT,0.00,0.00,USD,SciFinder Web,Locate by Substance ID,12
398844,iGroup Asia Pacific Ltd,201404,LEE900001,Hsin-chu,,Lee,On,SCIFINDER GOVERNMENT,0.00,0.00,USD,SciFinder Web,Get Additional Reactions,1
398844,iGroup Asia Pacific Ltd,201404,LEE900001,Hsin-chu,,Lee,On,SCIFINDER GOVERNMENT,0.00,0.00,USD,SciFinder Web,Reactions - Get Reactions Web,21
398844,iGroup Asia Pacific Ltd,201404,LEE900001,Hsin-chu,,Lee,On,SCIFINDER GOVERNMENT,0.00,0.00,USD,SciFinder Web,References - Get Reactions Web,2
398844,iGroup Asia Pacific Ltd,201404,LEE900001,Hsin-chu,,Lee,On,SCIFINDER GOVERNMENT,0.00,0.00,USD,SciFinder Web,Substances - Get Reactions Web,44
398844,iGroup Asia Pacific Ltd,201404,LEEA20207,Hsin-chu,,Lee,Hsuan-Wei,SCIFINDER GOVERNMENT,0.00,0.00,USD,SciFinder Web,Explore by Structures,2
398844,iGroup Asia Pacific Ltd,201404,LEEA20207,Hsin-chu,,Lee,Hsuan-Wei,SCIFINDER GOVERNMENT,0.00,0.00,USD,SciFinder Web,Explore Reactions,1
398844,iGroup Asia Pacific Ltd,201404,LEEA20207,Hsin-chu,,Lee,Hsuan-Wei,SCIFINDER GOVERNMENT,0.00,0.00,USD,SciFinder Web,Closed Reaction Search,2
398844,iGroup Asia Pacific Ltd,201404,LIA20313,Hsin-chu,,Li,Jheng-Sian,SCIFINDER GOVERNMENT,0.00,0.00,USD,SciFinder Web,Explore Reactions,1
398844,iGroup Asia Pacific Ltd,201404,LIA20313,Hsin-chu,,Li,Jheng-Sian,SCIFINDER GOVERNMENT,0.00,0.00,USD,SciFinder Web,Explore by Research Topic Web,3
398844,iGroup Asia Pacific Ltd,201404,LIAO980104,Hsin-chu,,Liao,Chun-Hsiung,SCIFINDER GOVERNMENT,0.00,0.00,USD,SciFinder Web,Explore by Research Topic Web,3
398844,iGroup Asia Pacific Ltd,201404,LIAWA00356,Hsin-chu,,Liaw,Chao-Wu,SCIFINDER GOVERNMENT,0.00,0.00,USD,SciFinder Web,Explore by Structures,3
398844,iGroup Asia Pacific Ltd,201404,LIAWA00356,Hsin-chu,,Liaw,Chao-Wu,SCIFINDER GOVERNMENT,0.00,0.00,USD,SciFinder Web,Explore Reactions,14
398844,iGroup Asia Pacific Ltd,201404,LIAWA00356,Hsin-chu,,Liaw,Chao-Wu,SCIFINDER GOVERNMENT,0.00,0.00,USD,SciFinder Web,Explore by Substructure,5
398844,iGroup Asia Pacific Ltd,201404,LIAWA00356,Hsin-chu,,Liaw,Chao-Wu,SCIFINDER GOVERNMENT,0.00,0.00,USD,SciFinder Web,Reactions - Get Reactions Web,1
398844,iGroup Asia Pacific Ltd,201404,LIAWA00356,Hsin-chu,,Liaw,Chao-Wu,SCIFINDER GOVERNMENT,0.00,0.00,USD,SciFinder Web,Substances - Get Reactions Web,2
398844,iGroup Asia Pacific Ltd,201404,LIN950048,Hsin-chu,,Lin,Sheng Lin,SCIFINDER GOVERNMENT,0.00,0.00,USD,SciFinder Web,Explore by Substructure,5
398844,iGroup Asia Pacific Ltd,201404,LIN980196,Hsin-chu,,Lin,Jian-Wen,SCIFINDER GOVERNMENT,0.00,0.00,USD,SciFinder Web,Explore by Structures,1
398844,iGroup Asia Pacific Ltd,201404,LIN980196,Hsin-chu,,Lin,Jian-Wen,SCIFINDER GOVERNMENT,0.00,0.00,USD,SciFinder Web,Explore Reactions,2
398844,iGroup Asia Pacific Ltd,201404,LINA10270,Hsin-chu,,Lin,Wang-Chung,SCIFINDER GOVERNMENT,0.00,0.00,USD,SciFinder Web,Explore Reactions,8
398844,iGroup Asia Pacific Ltd,201404,LINA10270,Hsin-chu,,Lin,Wang-Chung,SCIFINDER GOVERNMENT,0.00,0.00,USD,SciFinder Web,Explore by Research Topic Web,2
398844,iGroup Asia Pacific Ltd,201404,LINA10270,Hsin-chu,,Lin,Wang-Chung,SCIFINDER GOVERNMENT,0.00,0.00,USD,SciFinder Web,Get Similar Reactions Web,1
398844,iGroup Asia Pacific Ltd,201404,LIU528177,Hsin-chu,,Liu,Wanchun,SCIFINDER GOVERNMENT,0.00,0.00,USD,SciFinder Web,Explore by Substructure,9
398844,iGroup Asia Pacific Ltd,201404,LIU528177,Hsin-chu,,Liu,Wanchun,SCIFINDER GOVERNMENT,0.00,0.00,USD,SciFinder Web,Substances - Get Reactions Web,1
398844,iGroup Asia Pacific Ltd,201404,LO850446,Hsin-chu,,Lo,Chao-Chun,SCIFINDER GOVERNMENT,0.00,0.00,USD,SciFinder Web,Keep-Me-Posted Weekly Web,16
398844,iGroup Asia Pacific Ltd,201404,LOA20077,Hsin-chu,,Lo,Wei-Chun,SCIFINDER GOVERNMENT,0.00,0.00,USD,SciFinder Web,Explore by Structures,2
398844,iGroup Asia Pacific Ltd,201404,LOA20077,Hsin-chu,,Lo,Wei-Chun,SCIFINDER GOVERNMENT,0.00,0.00,USD,SciFinder Web,Explore Reactions,2
398844,iGroup Asia Pacific Ltd,201404,LOA20077,Hsin-chu,,Lo,Wei-Chun,SCIFINDER GOVERNMENT,0.00,0.00,USD,SciFinder Web,Explore by Research Topic Web,1
398844,iGroup Asia Pacific Ltd,201404,LOA20077,Hsin-chu,,Lo,Wei-Chun,SCIFINDER GOVERNMENT,0.00,0.00,USD,SciFinder Web,Substances - Get Reactions Web,1
398844,iGroup Asia Pacific Ltd,201404,SCISN1277,Hsin-chu,,Hsu,Hsi-Yen,SCIFINDER GOVERNMENT,0.00,0.00,USD,SciFinder Web,Explore by Research Topic Web,8
398844,iGroup Asia Pacific Ltd,201404,SCISN1281,Hsin-chu,,Wei,Swallow,SCIFINDER GOVERNMENT,0.00,0.00,USD,SciFinder Client,Keep-Me-Posted Weekly,4
398844,iGroup Asia Pacific Ltd,201404,SFGMW138,Hsin-chu,,Huang,Pei-Chen,SCIFINDER GOVERNMENT,0.00,0.00,USD,SciFinder Client,Keep-Me-Posted Weekly,4
398844,iGroup Asia Pacific Ltd,201404,SFGMW138,Hsin-chu,,Huang,Pei-Chen,SCIFINDER GOVERNMENT,0.00,0.00,USD,SciFinder Client,Keep-Me-Posted Weekly by Substructure,8
398844,iGroup Asia Pacific Ltd,201404,SFGMW139,Hsin-chu,,Tsai,Yung-Yu,SCIFINDER GOVERNMENT,0.00,0.00,USD,SciFinder Client,Keep-Me-Posted Weekly by Exact Structure,32
398844,iGroup Asia Pacific Ltd,201404,SFGMW139,Hsin-chu,,Tsai,Yung-Yu,SCIFINDER GOVERNMENT,0.00,0.00,USD,SciFinder Client,Keep-Me-Posted Weekly by Substructure,4
398844,iGroup Asia Pacific Ltd,201404,SFGMW141,Hsin-chu,,Tsai,Hui-Ping,SCIFINDER GOVERNMENT,0.00,0.00,USD,SciFinder Web,Explore by Research Topic Web,2
398844,iGroup Asia Pacific Ltd,201404,SFGSS354,Hsin-chu,,Lin,Yung-Chan,SCIFINDER GOVERNMENT,0.00,0.00,USD,SciFinder Client,Keep-Me-Posted Weekly by Exact Structure,8
398844,iGroup Asia Pacific Ltd,201404,SFGSS356,Hsin-chu,,Chen,Mei-Wen,SCIFINDER GOVERNMENT,0.00,0.00,USD,SciFinder Client,Keep-Me-Posted Weekly,8
398844,iGroup Asia Pacific Ltd,201404,SFGSS356,Hsin-chu,,Chen,Mei-Wen,SCIFINDER GOVERNMENT,0.00,0.00,USD,SciFinder Client,Keep-Me-Posted Weekly by Exact Structure,4
398844,iGroup Asia Pacific Ltd,201404,SFGSS356,Hsin-chu,,Chen,Mei-Wen,SCIFINDER GOVERNMENT,0.00,0.00,USD,SciFinder Client,Keep-Me-Posted Monthly by Exact Structur,1
398844,iGroup Asia Pacific Ltd,201404,SFGSS360,Hsin-chu,,Teng,Dr Kelly,SCIFINDER GOVERNMENT,0.00,0.00,USD,SciFinder Web,Explore Reactions,11
398844,iGroup Asia Pacific Ltd,201404,SFGSS360,Hsin-chu,,Teng,Dr Kelly,SCIFINDER GOVERNMENT,0.00,0.00,USD,SciFinder Web,Explore by Substructure,1
398844,iGroup Asia Pacific Ltd,201404,SFGSS360,Hsin-chu,,Teng,Dr Kelly,SCIFINDER GOVERNMENT,0.00,0.00,USD,SciFinder Web,Closed Reaction Search,1
398844,iGroup Asia Pacific Ltd,201404,SFGSS360,Hsin-chu,,Teng,Dr Kelly,SCIFINDER GOVERNMENT,0.00,0.00,USD,SciFinder Web,Explore by Research Topic Web,2
398844,iGroup Asia Pacific Ltd,201404,SFGSS360,Hsin-chu,,Teng,Dr Kelly,SCIFINDER GOVERNMENT,0.00,0.00,USD,SciFinder Web,Explore by Journal Web,9
398844,iGroup Asia Pacific Ltd,201404,SFGSS360,Hsin-chu,,Teng,Dr Kelly,SCIFINDER GOVERNMENT,0.00,0.00,USD,SciFinder Web,References - Get Reactions Web,1
398844,iGroup Asia Pacific Ltd,201404,SFGSS362,Hsin-chu,,Lo,Sandra,SCIFINDER GOVERNMENT,0.00,0.00,USD,SciFinder Client,Keep-Me-Posted Weekly by Exact Structure,4
398844,iGroup Asia Pacific Ltd,201404,SFGSS366,Hsin-chu,,Lee,Lain-Tze,SCIFINDER GOVERNMENT,0.00,0.00,USD,SciFinder Client,Keep-Me-Posted Weekly,4
398844,iGroup Asia Pacific Ltd,201404,SFGSS366,Hsin-chu,,Lee,Lain-Tze,SCIFINDER GOVERNMENT,0.00,0.00,USD,SciFinder Client,Keep-Me-Posted Weekly by Exact Structure,4
398844,iGroup Asia Pacific Ltd,201404,SFGSS366,Hsin-chu,,Lee,Lain-Tze,SCIFINDER GOVERNMENT,0.00,0.00,USD,SciFinder Client,Keep-Me-Posted Weekly by Substructure,4
398844,iGroup Asia Pacific Ltd,201404,SFGSS370,Hsin-chu,,Chin,Gino,SCIFINDER GOVERNMENT,0.00,0.00,USD,SciFinder Web,Explore Reactions,4
398844,iGroup Asia Pacific Ltd,201404,SFGSS370,Hsin-chu,,Chin,Gino,SCIFINDER GOVERNMENT,0.00,0.00,USD,SciFinder Web,Explore by Substructure,1
398844,iGroup Asia Pacific Ltd,201404,SFGSS370,Hsin-chu,,Chin,Gino,SCIFINDER GOVERNMENT,0.00,0.00,USD,SciFinder Client,Keep-Me-Posted Weekly by Exact Structure,36
398844,iGroup Asia Pacific Ltd,201404,SFGSS370,Hsin-chu,,Chin,Gino,SCIFINDER GOVERNMENT,0.00,0.00,USD,SciFinder Client,Keep-Me-Posted Weekly by Substructure,16
398844,iGroup Asia Pacific Ltd,201404,SFGSS370,Hsin-chu,,Chin,Gino,SCIFINDER GOVERNMENT,0.00,0.00,USD,SciFinder Web,Explore by Author Name Web,1
398844,iGroup Asia Pacific Ltd,201404,SFGSS370,Hsin-chu,,Chin,Gino,SCIFINDER GOVERNMENT,0.00,0.00,USD,SciFinder Web,Explore by Research Topic Web,4
398844,iGroup Asia Pacific Ltd,201404,SFGSS370,Hsin-chu,,Chin,Gino,SCIFINDER GOVERNMENT,0.00,0.00,USD,SciFinder Web,Substances - Get Reactions Web,4
398844,iGroup Asia Pacific Ltd,201404,SFGSS370,Hsin-chu,,Chin,Gino,SCIFINDER GOVERNMENT,0.00,0.00,USD,SciFinder Web,Full Text-Display CAPlus Ref Detail Web,1
398844,iGroup Asia Pacific Ltd,201404,SFGSS385,Hsin-chu,,Yang,Wei-Ta,SCIFINDER GOVERNMENT,0.00,0.00,USD,SciFinder Client,Keep-Me-Posted Weekly by Exact Structure,8
398844,iGroup Asia Pacific Ltd,201404,SFGSS400,Hsin-chu,,Jenn-Tsang,Hwang,SCIFINDER GOVERNMENT,0.00,0.00,USD,SciFinder Web,Explore by Structures,1
398844,iGroup Asia Pacific Ltd,201404,SFGSS400,Hsin-chu,,Jenn-Tsang,Hwang,SCIFINDER GOVERNMENT,0.00,0.00,USD,SciFinder Web,Explore Reactions,1
398844,iGroup Asia Pacific Ltd,201404,SFGSS400,Hsin-chu,,Jenn-Tsang,Hwang,SCIFINDER GOVERNMENT,0.00,0.00,USD,SciFinder Web,Explore by Substructure,1
398844,iGroup Asia Pacific Ltd,201404,SFGSS400,Hsin-chu,,Jenn-Tsang,Hwang,SCIFINDER GOVERNMENT,0.00,0.00,USD,SciFinder Client,Keep-Me-Posted Weekly by Exact Structure,4
398844,iGroup Asia Pacific Ltd,201404,SFGSS400,Hsin-chu,,Jenn-Tsang,Hwang,SCIFINDER GOVERNMENT,0.00,0.00,USD,SciFinder Client,Keep-Me-Posted Weekly by Substructure,12
398844,iGroup Asia Pacific Ltd,201404,SFGSS400,Hsin-chu,,Jenn-Tsang,Hwang,SCIFINDER GOVERNMENT,0.00,0.00,USD,SciFinder Web,Explore by Research Topic Web,2
398844,iGroup Asia Pacific Ltd,201404,SFGSS400,Hsin-chu,,Jenn-Tsang,Hwang,SCIFINDER GOVERNMENT,0.00,0.00,USD,SciFinder Web,Reactions - Get Reactions Web,1
398844,iGroup Asia Pacific Ltd,201404,SFGSS400,Hsin-chu,,Jenn-Tsang,Hwang,SCIFINDER GOVERNMENT,0.00,0.00,USD,SciFinder Web,References - Get Reactions Web,1
398844,iGroup Asia Pacific Ltd,201404,SFGSS400,Hsin-chu,,Jenn-Tsang,Hwang,SCIFINDER GOVERNMENT,0.00,0.00,USD,SciFinder Web,Substances - Get Reactions Web,2
398844,iGroup Asia Pacific Ltd,201404,SFGSS403,Hsin-chu,,Long,Yean-San,SCIFINDER GOVERNMENT,0.00,0.00,USD,SciFinder Client,Keep-Me-Posted Weekly by Exact Structure,4
398844,iGroup Asia Pacific Ltd,201404,SHEN980073,Hsin-chu,,Shen,Roi,SCIFINDER GOVERNMENT,0.00,0.00,USD,SciFinder Web,Explore by Research Topic Web,13
398844,iGroup Asia Pacific Ltd,201404,SU960257,Hsin-chu,,Su,Yu-Yang,SCIFINDER GOVERNMENT,0.00,0.00,USD,SciFinder Web,Explore by Research Topic Web,7
398844,iGroup Asia Pacific Ltd,201404,SU960257,Hsin-chu,,Su,Yu-Yang,SCIFINDER GOVERNMENT,0.00,0.00,USD,SciFinder Web,References - Get Substances Web,2
398844,iGroup Asia Pacific Ltd,201404,SU960257,Hsin-chu,,Su,Yu-Yang,SCIFINDER GOVERNMENT,0.00,0.00,USD,SciFinder Web,References - Get Reactions Web,1
398844,iGroup Asia Pacific Ltd,201404,TING990515,Hsin-chu,,Ting,Wen-Pin,SCIFINDER GOVERNMENT,0.00,0.00,USD,SciFinder Web,Explore by Research Topic Web,7
398844,iGroup Asia Pacific Ltd,201404,TINGA10329,Hsin-chu,,Ting,Chun-Ming,SCIFINDER GOVERNMENT,0.00,0.00,USD,SciFinder Web,Explore by Author Name Web,1
398844,iGroup Asia Pacific Ltd,201404,TINGA10329,Hsin-chu,,Ting,Chun-Ming,SCIFINDER GOVERNMENT,0.00,0.00,USD,SciFinder Web,Explore by Research Topic Web,18
398844,iGroup Asia Pacific Ltd,201404,TINGA10329,Hsin-chu,,Ting,Chun-Ming,SCIFINDER GOVERNMENT,0.00,0.00,USD,SciFinder Web,Explore by Patent Web,3
398844,iGroup Asia Pacific Ltd,201404,TSAI450946,Hsin-chu,,Tsai,i-Hsuan,SCIFINDER GOVERNMENT,0.00,0.00,USD,SciFinder Web,Explore Reactions,1
398844,iGroup Asia Pacific Ltd,201404,TSAI740212,Hsin-chu,,Tsai,Frank,SCIFINDER GOVERNMENT,0.00,0.00,USD,SciFinder Web,Explore by Research Topic Web,2
398844,iGroup Asia Pacific Ltd,201404,TSAI740212,Hsin-chu,,Tsai,Frank,SCIFINDER GOVERNMENT,0.00,0.00,USD,SciFinder Web,Explore by Journal Web,2
398844,iGroup Asia Pacific Ltd,201404,TSAIA20042,Hsin-chu,,Tsai,Cheng-Hsiu,SCIFINDER GOVERNMENT,0.00,0.00,USD,SciFinder Web,Explore by Research Topic Web,16
398844,iGroup Asia Pacific Ltd,201404,TSENGA00454,Hsin-chu,,Tseng,Chih-Hao Tseng,SCIFINDER GOVERNMENT,0.00,0.00,USD,SciFinder Web,Explore Reactions,1
398844,iGroup Asia Pacific Ltd,201404,TUA10274,Hsin-chu,,Tu,Meng-Hsiu,SCIFINDER GOVERNMENT,0.00,0.00,USD,SciFinder Web,Explore by Substructure,1
398844,iGroup Asia Pacific Ltd,201404,TUA10274,Hsin-chu,,Tu,Meng-Hsiu,SCIFINDER GOVERNMENT,0.00,0.00,USD,SciFinder Web,Explore by Research Topic Web,1
398844,iGroup Asia Pacific Ltd,201404,WANG930499,Hsin-chu,,Wang,Wen-Hsien,SCIFINDER GOVERNMENT,0.00,0.00,USD,SciFinder Web,Explore by Substructure,2
398844,iGroup Asia Pacific Ltd,201404,WANG930499,Hsin-chu,,Wang,Wen-Hsien,SCIFINDER GOVERNMENT,0.00,0.00,USD,SciFinder Web,Substances - Get Reactions Web,2
398844,iGroup Asia Pacific Ltd,201404,WANG970550,Hsin-chu,,Wang,Kuo-Chang,SCIFINDER GOVERNMENT,0.00,0.00,USD,SciFinder Web,Explore by Structures,2
398844,iGroup Asia Pacific Ltd,201404,WANG970550,Hsin-chu,,Wang,Kuo-Chang,SCIFINDER GOVERNMENT,0.00,0.00,USD,SciFinder Web,Explore by Substructure,1
398844,iGroup Asia Pacific Ltd,201404,WANG970550,Hsin-chu,,Wang,Kuo-Chang,SCIFINDER GOVERNMENT,0.00,0.00,USD,SciFinder Web,Explore by Structure Similarity,4
398844,iGroup Asia Pacific Ltd,201404,WANGA00177,Hsin-chu,,Wang,Yi-Rong,SCIFINDER GOVERNMENT,0.00,0.00,USD,SciFinder Web,Explore by Research Topic Web,11
398844,iGroup Asia Pacific Ltd,201404,WU880175,Hsin-chu,,Wu,Cheng-Tao,SCIFINDER GOVERNMENT,0.00,0.00,USD,SciFinder Web,Explore by Research Topic Web,6
398844,iGroup Asia Pacific Ltd,201404,WUA10430,Hsin-chu,,Wu,Cheng-An,SCIFINDER GOVERNMENT,0.00,0.00,USD,SciFinder Web,Explore Reactions,1
398844,iGroup Asia Pacific Ltd,201404,WUA10430,Hsin-chu,,Wu,Cheng-An,SCIFINDER GOVERNMENT,0.00,0.00,USD,SciFinder Web,Explore by Research Topic Web,5
398844,iGroup Asia Pacific Ltd,201404,WUA10430,Hsin-chu,,Wu,Cheng-An,SCIFINDER GOVERNMENT,0.00,0.00,USD,SciFinder Web,Explore by Patent Web,12
