BILL-TO NUMBER,BILL-TO NAME,PERIOD,LOGINID,CITY,COST CENTER,USER NAME,USER FIRST NAME,USAGE TYPE,GROSS CHARGES,ADJUSTED CHARGES,CURRENCY,SCIFINDER PLATFORM,USAGE DESCRIPTION,USAGE QUANTITY
398844,iGroup Asia Pacific Ltd,201407,CHANG950524,Hsin-chu,,Chang,Fang-Ching,SCIFINDER GOVERNMENT,0.00,0.00,USD,SciFinder Web,Explore by Research Topic Web,4
398844,iGroup Asia Pacific Ltd,201407,CHANGA20172,Hsin-chu,,Chang,Ya-Ju,SCIFINDER GOVERNMENT,0.00,0.00,USD,SciFinder Web,Closed Reaction Search,6
398844,iGroup Asia Pacific Ltd,201407,CHAO950649,Hsin-chu,,Chao,Teng-Chih,SCIFINDER GOVERNMENT,0.00,0.00,USD,SciFinder Web,Explore by Substructure,13
398844,iGroup Asia Pacific Ltd,201407,CHAO950649,Hsin-chu,,Chao,Teng-Chih,SCIFINDER GOVERNMENT,0.00,0.00,USD,SciFinder Web,Explore by Structure Similarity,1
398844,iGroup Asia Pacific Ltd,201407,CHAO950649,Hsin-chu,,Chao,Teng-Chih,SCIFINDER GOVERNMENT,0.00,0.00,USD,SciFinder Web,Explore by Substructure-Markush - Web,4
398844,iGroup Asia Pacific Ltd,201407,CHEN451479,Hsin-chu,,Chen,Pei-Chin,SCIFINDER GOVERNMENT,0.00,0.00,USD,SciFinder Web,Explore by Research Topic Web,6
398844,iGroup Asia Pacific Ltd,201407,CHEN750103,Hsin-chu,,Chen,Chih-Hung,SCIFINDER GOVERNMENT,0.00,0.00,USD,SciFinder Web,Explore by Structures,19
398844,iGroup Asia Pacific Ltd,201407,CHEN750103,Hsin-chu,,Chen,Chih-Hung,SCIFINDER GOVERNMENT,0.00,0.00,USD,SciFinder Web,Explore by Structure Similarity,4
398844,iGroup Asia Pacific Ltd,201407,CHEN750103,Hsin-chu,,Chen,Chih-Hung,SCIFINDER GOVERNMENT,0.00,0.00,USD,SciFinder Web,Substances - Get Reactions Web,12
398844,iGroup Asia Pacific Ltd,201407,CHEN960356,Hsin-chu,,Chen,Sue-May,SCIFINDER GOVERNMENT,0.00,0.00,USD,SciFinder Web,Index Term Search,1
398844,iGroup Asia Pacific Ltd,201407,CHEN960356,Hsin-chu,,Chen,Sue-May,SCIFINDER GOVERNMENT,0.00,0.00,USD,SciFinder Web,Explore by Research Topic Web,6
398844,iGroup Asia Pacific Ltd,201407,CHENA10158,Hsin-chu,,Chen,Chao-Huang,SCIFINDER GOVERNMENT,0.00,0.00,USD,SciFinder Web,Explore by Research Topic Web,8
398844,iGroup Asia Pacific Ltd,201407,CHENA10158,Hsin-chu,,Chen,Chao-Huang,SCIFINDER GOVERNMENT,0.00,0.00,USD,SciFinder Web,References - Get Substances Web,1
398844,iGroup Asia Pacific Ltd,201407,CHENA20117,Hsin-chu,,Chen,Po-Ju,SCIFINDER GOVERNMENT,0.00,0.00,USD,SciFinder Web,Locate by Substance ID,1
398844,iGroup Asia Pacific Ltd,201407,CHENA20117,Hsin-chu,,Chen,Po-Ju,SCIFINDER GOVERNMENT,0.00,0.00,USD,SciFinder Web,Explore by Research Topic Web,8
398844,iGroup Asia Pacific Ltd,201407,CHENG950217,Hsin-chu,,Cheng,Hsiu Yu,SCIFINDER GOVERNMENT,0.00,0.00,USD,SciFinder Web,Explore by Research Topic Web,11
398844,iGroup Asia Pacific Ltd,201407,CHENG950330,Hsin-chu,,Cheng,chien hsien,SCIFINDER GOVERNMENT,0.00,0.00,USD,SciFinder Web,Explore by Substructure,1
398844,iGroup Asia Pacific Ltd,201407,CHIN960741,Hsin-chu,,Chin,Si-Yi,SCIFINDER GOVERNMENT,0.00,0.00,USD,SciFinder Web,Explore by Research Topic Web,8
398844,iGroup Asia Pacific Ltd,201407,CHIU960131,Hsin-chu,,Chiu,Wei-Chun,SCIFINDER GOVERNMENT,0.00,0.00,USD,SciFinder Web,Explore by Research Topic Web,11
398844,iGroup Asia Pacific Ltd,201407,HOUA20324,Hsin-chu,,Hou,Yen-Yu,SCIFINDER GOVERNMENT,0.00,0.00,USD,SciFinder Web,Explore by Research Topic Web,10
398844,iGroup Asia Pacific Ltd,201407,HSIANG990261,Hsin-chu,,Hsiang,Shou-Jui,SCIFINDER GOVERNMENT,0.00,0.00,USD,SciFinder Web,Explore by Research Topic Web,6
398844,iGroup Asia Pacific Ltd,201407,HSIEH980198,Hsin-chu,,Hsieh,Cheng-Han,SCIFINDER GOVERNMENT,0.00,0.00,USD,SciFinder Web,Explore by Substructure,4
398844,iGroup Asia Pacific Ltd,201407,HSIEH980198,Hsin-chu,,Hsieh,Cheng-Han,SCIFINDER GOVERNMENT,0.00,0.00,USD,SciFinder Web,Explore by Research Topic Web,12
398844,iGroup Asia Pacific Ltd,201407,HSIEH990415,Hsin-chu,,Hsieh,Feng-Ming,SCIFINDER GOVERNMENT,0.00,0.00,USD,SciFinder Web,Explore Reactions,1
398844,iGroup Asia Pacific Ltd,201407,HUANG408201,Hsin-chu,,Huang,Cheng-Jyun,SCIFINDER GOVERNMENT,0.00,0.00,USD,SciFinder Web,Explore by Structures,1
398844,iGroup Asia Pacific Ltd,201407,HUANG408201,Hsin-chu,,Huang,Cheng-Jyun,SCIFINDER GOVERNMENT,0.00,0.00,USD,SciFinder Web,Substances - Get Reactions Web,2
398844,iGroup Asia Pacific Ltd,201407,HUANG450296,Hsin-chu,,Huang,Li-Ting,SCIFINDER GOVERNMENT,0.00,0.00,USD,SciFinder Web,Explore by Research Topic Web,2
398844,iGroup Asia Pacific Ltd,201407,HUANG880574,Hsin-chu,,Huang,Shu-Jiuan,SCIFINDER GOVERNMENT,0.00,0.00,USD,SciFinder Web,Explore by Molecular Formula,1
398844,iGroup Asia Pacific Ltd,201407,HUANG880574,Hsin-chu,,Huang,Shu-Jiuan,SCIFINDER GOVERNMENT,0.00,0.00,USD,SciFinder Web,Explore by Research Topic Web,13
398844,iGroup Asia Pacific Ltd,201407,HUANG880574,Hsin-chu,,Huang,Shu-Jiuan,SCIFINDER GOVERNMENT,0.00,0.00,USD,SciFinder Web,Substances - Get Reactions Web,1
398844,iGroup Asia Pacific Ltd,201407,HUANG930012,Hsin-chu,,Huang,Yuan-Chang,SCIFINDER GOVERNMENT,0.00,0.00,USD,SciFinder Web,Locate by Substance ID,2
398844,iGroup Asia Pacific Ltd,201407,HUANG930012,Hsin-chu,,Huang,Yuan-Chang,SCIFINDER GOVERNMENT,0.00,0.00,USD,SciFinder Web,Explore by Research Topic Web,3
398844,iGroup Asia Pacific Ltd,201407,HUANG980103,Hsin-chu,,Huang,Kuan-Yeh,SCIFINDER GOVERNMENT,0.00,0.00,USD,SciFinder Web,Explore by Research Topic Web,1
398844,iGroup Asia Pacific Ltd,201407,HUNG850169,Hsin-chu,,Hung,Chi-Y,SCIFINDER GOVERNMENT,0.00,0.00,USD,SciFinder Web,Explore Reactions,12
398844,iGroup Asia Pacific Ltd,201407,HUNG850169,Hsin-chu,,Hung,Chi-Y,SCIFINDER GOVERNMENT,0.00,0.00,USD,SciFinder Web,Explore by Substructure,5
398844,iGroup Asia Pacific Ltd,201407,HUNG850169,Hsin-chu,,Hung,Chi-Y,SCIFINDER GOVERNMENT,0.00,0.00,USD,SciFinder Web,Explore by Substructure-Markush - Web,1
398844,iGroup Asia Pacific Ltd,201407,KUAN527281,Hsin-chu,,Kuan,Chi En,SCIFINDER GOVERNMENT,0.00,0.00,USD,SciFinder Web,Explore by Research Topic Web,17
398844,iGroup Asia Pacific Ltd,201407,KUOA20221,Hsin-chu,,Kuo,Yen-Ting,SCIFINDER GOVERNMENT,0.00,0.00,USD,SciFinder Web,Explore Reactions,2
398844,iGroup Asia Pacific Ltd,201407,KUOA20221,Hsin-chu,,Kuo,Yen-Ting,SCIFINDER GOVERNMENT,0.00,0.00,USD,SciFinder Web,Closed Reaction Search,4
398844,iGroup Asia Pacific Ltd,201407,LEE900001,Hsin-chu,,Lee,On,SCIFINDER GOVERNMENT,0.00,0.00,USD,SciFinder Web,Explore by Structures,19
398844,iGroup Asia Pacific Ltd,201407,LEE900001,Hsin-chu,,Lee,On,SCIFINDER GOVERNMENT,0.00,0.00,USD,SciFinder Web,Explore Reactions,5
398844,iGroup Asia Pacific Ltd,201407,LEE900001,Hsin-chu,,Lee,On,SCIFINDER GOVERNMENT,0.00,0.00,USD,SciFinder Web,Explore by Substructure,21
398844,iGroup Asia Pacific Ltd,201407,LEE900001,Hsin-chu,,Lee,On,SCIFINDER GOVERNMENT,0.00,0.00,USD,SciFinder Web,Closed Reaction Search,3
398844,iGroup Asia Pacific Ltd,201407,LEE900001,Hsin-chu,,Lee,On,SCIFINDER GOVERNMENT,0.00,0.00,USD,SciFinder Web,Locate by Substance ID,1
398844,iGroup Asia Pacific Ltd,201407,LEE900001,Hsin-chu,,Lee,On,SCIFINDER GOVERNMENT,0.00,0.00,USD,SciFinder Web,References - Get Substances Web,1
398844,iGroup Asia Pacific Ltd,201407,LEE900001,Hsin-chu,,Lee,On,SCIFINDER GOVERNMENT,0.00,0.00,USD,SciFinder Web,Reactions - Get Reactions Web,3
398844,iGroup Asia Pacific Ltd,201407,LEE900001,Hsin-chu,,Lee,On,SCIFINDER GOVERNMENT,0.00,0.00,USD,SciFinder Web,Substances - Get Reactions Web,31
398844,iGroup Asia Pacific Ltd,201407,LI900570,Hsin-chu,,Li,Li-Lan,SCIFINDER GOVERNMENT,0.00,0.00,USD,SciFinder Web,Explore by Research Topic Web,1
398844,iGroup Asia Pacific Ltd,201407,LIA20313,Hsin-chu,,Li,Jheng-Sian,SCIFINDER GOVERNMENT,0.00,0.00,USD,SciFinder Web,Explore by Research Topic Web,2
398844,iGroup Asia Pacific Ltd,201407,LIAO980104,Hsin-chu,,Liao,Chun-Hsiung,SCIFINDER GOVERNMENT,0.00,0.00,USD,SciFinder Web,Explore by Research Topic Web,6
398844,iGroup Asia Pacific Ltd,201407,LIAWA00356,Hsin-chu,,Liaw,Chao-Wu,SCIFINDER GOVERNMENT,0.00,0.00,USD,SciFinder Web,Explore Reactions,3
398844,iGroup Asia Pacific Ltd,201407,LIN870786,Hsin-chu,,Lin,Mei-Ru,SCIFINDER GOVERNMENT,0.00,0.00,USD,SciFinder Web,Explore by Research Topic Web,1
398844,iGroup Asia Pacific Ltd,201407,LIN950048,Hsin-chu,,Lin,Sheng Lin,SCIFINDER GOVERNMENT,0.00,0.00,USD,SciFinder Web,Explore by Substructure,6
398844,iGroup Asia Pacific Ltd,201407,LIN950048,Hsin-chu,,Lin,Sheng Lin,SCIFINDER GOVERNMENT,0.00,0.00,USD,SciFinder Web,Substances - Get Reactions Web,2
398844,iGroup Asia Pacific Ltd,201407,LIN980196,Hsin-chu,,Lin,Jian-Wen,SCIFINDER GOVERNMENT,0.00,0.00,USD,SciFinder Web,Locate by Substance ID,5
398844,iGroup Asia Pacific Ltd,201407,LIN980196,Hsin-chu,,Lin,Jian-Wen,SCIFINDER GOVERNMENT,0.00,0.00,USD,SciFinder Web,Explore by Research Topic Web,1
398844,iGroup Asia Pacific Ltd,201407,LIN980196,Hsin-chu,,Lin,Jian-Wen,SCIFINDER GOVERNMENT,0.00,0.00,USD,SciFinder Web,Explore by Substance Property,1
398844,iGroup Asia Pacific Ltd,201407,LINA10270,Hsin-chu,,Lin,Wang-Chung,SCIFINDER GOVERNMENT,0.00,0.00,USD,SciFinder Web,Explore Reactions,4
398844,iGroup Asia Pacific Ltd,201407,LIU528177,Hsin-chu,,Liu,Wanchun,SCIFINDER GOVERNMENT,0.00,0.00,USD,SciFinder Web,Explore by Research Topic Web,1
398844,iGroup Asia Pacific Ltd,201407,LO850446,Hsin-chu,,Lo,Chao-Chun,SCIFINDER GOVERNMENT,0.00,0.00,USD,SciFinder Web,Keep-Me-Posted Weekly Web,16
398844,iGroup Asia Pacific Ltd,201407,OU910517,Hsin-chu,,Ou,Chun Yao,SCIFINDER GOVERNMENT,0.00,0.00,USD,SciFinder Web,Explore by Molecular Formula,5
398844,iGroup Asia Pacific Ltd,201407,OU910517,Hsin-chu,,Ou,Chun Yao,SCIFINDER GOVERNMENT,0.00,0.00,USD,SciFinder Web,Locate by Substance ID,4
398844,iGroup Asia Pacific Ltd,201407,SCIJB2378,Hsin-chu,,Kung,Yu-Ruei,SCIFINDER GOVERNMENT,0.00,0.00,USD,SciFinder Web,Explore by Structures,1
398844,iGroup Asia Pacific Ltd,201407,SCIJB2378,Hsin-chu,,Kung,Yu-Ruei,SCIFINDER GOVERNMENT,0.00,0.00,USD,SciFinder Web,Substances - Get Reactions Web,1
398844,iGroup Asia Pacific Ltd,201407,SFGMW141,Hsin-chu,,Tsai,Hui-Ping,SCIFINDER GOVERNMENT,0.00,0.00,USD,SciFinder Web,Explore by Structures,6
398844,iGroup Asia Pacific Ltd,201407,SFGMW141,Hsin-chu,,Tsai,Hui-Ping,SCIFINDER GOVERNMENT,0.00,0.00,USD,SciFinder Web,Locate by Substance ID,3
398844,iGroup Asia Pacific Ltd,201407,SFGSS354,Hsin-chu,,Lin,Yung-Chan,SCIFINDER GOVERNMENT,0.00,0.00,USD,SciFinder Web,Closed Reaction Search,2
398844,iGroup Asia Pacific Ltd,201407,SFGSS357,Hsin-chu,,Chen,Claire,SCIFINDER GOVERNMENT,0.00,0.00,USD,SciFinder Web,Explore by Research Topic Web,15
398844,iGroup Asia Pacific Ltd,201407,SFGSS357,Hsin-chu,,Chen,Claire,SCIFINDER GOVERNMENT,0.00,0.00,USD,SciFinder Web,References - Get Substances Web,3
398844,iGroup Asia Pacific Ltd,201407,SFGSS357,Hsin-chu,,Chen,Claire,SCIFINDER GOVERNMENT,0.00,0.00,USD,SciFinder Web,References - Get Reactions Web,1
398844,iGroup Asia Pacific Ltd,201407,SFGSS360,Hsin-chu,,Teng,Dr Kelly,SCIFINDER GOVERNMENT,0.00,0.00,USD,SciFinder Web,Explore by Research Topic Web,24
398844,iGroup Asia Pacific Ltd,201407,SFGSS370,Hsin-chu,,Chin,Gino,SCIFINDER GOVERNMENT,0.00,0.00,USD,SciFinder Web,Explore Reactions,1
398844,iGroup Asia Pacific Ltd,201407,SFGSS370,Hsin-chu,,Chin,Gino,SCIFINDER GOVERNMENT,0.00,0.00,USD,SciFinder Web,Explore by Structure Similarity,3
398844,iGroup Asia Pacific Ltd,201407,SFGSS370,Hsin-chu,,Chin,Gino,SCIFINDER GOVERNMENT,0.00,0.00,USD,SciFinder Web,Explore by Author Name Web,1
398844,iGroup Asia Pacific Ltd,201407,SFGSS370,Hsin-chu,,Chin,Gino,SCIFINDER GOVERNMENT,0.00,0.00,USD,SciFinder Web,Substances - Get Reactions Web,8
398844,iGroup Asia Pacific Ltd,201407,SFGSS400,Hsin-chu,,Jenn-Tsang,Hwang,SCIFINDER GOVERNMENT,0.00,0.00,USD,SciFinder Web,Explore by Structures,1
398844,iGroup Asia Pacific Ltd,201407,SFGSS400,Hsin-chu,,Jenn-Tsang,Hwang,SCIFINDER GOVERNMENT,0.00,0.00,USD,SciFinder Web,Locate by Substance ID,2
398844,iGroup Asia Pacific Ltd,201407,SFGSS400,Hsin-chu,,Jenn-Tsang,Hwang,SCIFINDER GOVERNMENT,0.00,0.00,USD,SciFinder Web,Explore by Research Topic Web,3
398844,iGroup Asia Pacific Ltd,201407,SFGSS400,Hsin-chu,,Jenn-Tsang,Hwang,SCIFINDER GOVERNMENT,0.00,0.00,USD,SciFinder Web,References - Get Substances Web,2
398844,iGroup Asia Pacific Ltd,201407,SFGSS400,Hsin-chu,,Jenn-Tsang,Hwang,SCIFINDER GOVERNMENT,0.00,0.00,USD,SciFinder Web,Substances - Get Reactions Web,3
398844,iGroup Asia Pacific Ltd,201407,SHEN980073,Hsin-chu,,Shen,Roi,SCIFINDER GOVERNMENT,0.00,0.00,USD,SciFinder Web,Explore by Research Topic Web,1
398844,iGroup Asia Pacific Ltd,201407,SHIH530861,Hsin-chu,,Shih,Che-Hao,SCIFINDER GOVERNMENT,0.00,0.00,USD,SciFinder Web,Explore by Research Topic Web,5
398844,iGroup Asia Pacific Ltd,201407,TINGA10329,Hsin-chu,,Ting,Chun-Ming,SCIFINDER GOVERNMENT,0.00,0.00,USD,SciFinder Web,Explore Reactions,3
398844,iGroup Asia Pacific Ltd,201407,TINGA10329,Hsin-chu,,Ting,Chun-Ming,SCIFINDER GOVERNMENT,0.00,0.00,USD,SciFinder Web,Explore by Research Topic Web,16
398844,iGroup Asia Pacific Ltd,201407,TSAI450946,Hsin-chu,,Tsai,i-Hsuan,SCIFINDER GOVERNMENT,0.00,0.00,USD,SciFinder Web,Explore Reactions,1
398844,iGroup Asia Pacific Ltd,201407,TSAI450946,Hsin-chu,,Tsai,i-Hsuan,SCIFINDER GOVERNMENT,0.00,0.00,USD,SciFinder Web,Explore by Substructure,1
398844,iGroup Asia Pacific Ltd,201407,TSAI450946,Hsin-chu,,Tsai,i-Hsuan,SCIFINDER GOVERNMENT,0.00,0.00,USD,SciFinder Web,Explore by Structure Similarity,1
398844,iGroup Asia Pacific Ltd,201407,TSAI450946,Hsin-chu,,Tsai,i-Hsuan,SCIFINDER GOVERNMENT,0.00,0.00,USD,SciFinder Web,Substances - Get Reactions Web,1
398844,iGroup Asia Pacific Ltd,201407,TSAIA20042,Hsin-chu,,Tsai,Cheng-Hsiu,SCIFINDER GOVERNMENT,0.00,0.00,USD,SciFinder Web,Explore by Author Name Web,3
398844,iGroup Asia Pacific Ltd,201407,TSAIA20042,Hsin-chu,,Tsai,Cheng-Hsiu,SCIFINDER GOVERNMENT,0.00,0.00,USD,SciFinder Web,Explore by Research Topic Web,15
398844,iGroup Asia Pacific Ltd,201407,TSENGA00454,Hsin-chu,,Tseng,Chih-Hao Tseng,SCIFINDER GOVERNMENT,0.00,0.00,USD,SciFinder Web,Explore by Research Topic Web,2
398844,iGroup Asia Pacific Ltd,201407,TSENGA00454,Hsin-chu,,Tseng,Chih-Hao Tseng,SCIFINDER GOVERNMENT,0.00,0.00,USD,SciFinder Web,References - Get Substances Web,2
398844,iGroup Asia Pacific Ltd,201407,WANG930499,Hsin-chu,,Wang,Wen-Hsien,SCIFINDER GOVERNMENT,0.00,0.00,USD,SciFinder Web,Explore by Substructure,4
398844,iGroup Asia Pacific Ltd,201407,WANG930499,Hsin-chu,,Wang,Wen-Hsien,SCIFINDER GOVERNMENT,0.00,0.00,USD,SciFinder Web,Index Term Search,1
398844,iGroup Asia Pacific Ltd,201407,WANG930499,Hsin-chu,,Wang,Wen-Hsien,SCIFINDER GOVERNMENT,0.00,0.00,USD,SciFinder Web,Locate by Substance ID,3
398844,iGroup Asia Pacific Ltd,201407,WANG930499,Hsin-chu,,Wang,Wen-Hsien,SCIFINDER GOVERNMENT,0.00,0.00,USD,SciFinder Web,Explore by Research Topic Web,3
398844,iGroup Asia Pacific Ltd,201407,WANG930499,Hsin-chu,,Wang,Wen-Hsien,SCIFINDER GOVERNMENT,0.00,0.00,USD,SciFinder Web,References - Get Reactions Web,6
398844,iGroup Asia Pacific Ltd,201407,WANG930499,Hsin-chu,,Wang,Wen-Hsien,SCIFINDER GOVERNMENT,0.00,0.00,USD,SciFinder Web,Substances - Get Reactions Web,3
398844,iGroup Asia Pacific Ltd,201407,WANG970550,Hsin-chu,,Wang,Kuo-Chang,SCIFINDER GOVERNMENT,0.00,0.00,USD,SciFinder Web,Explore by Substructure,13
398844,iGroup Asia Pacific Ltd,201407,WANG970550,Hsin-chu,,Wang,Kuo-Chang,SCIFINDER GOVERNMENT,0.00,0.00,USD,SciFinder Web,Explore by Structure Similarity,11
398844,iGroup Asia Pacific Ltd,201407,WANG970550,Hsin-chu,,Wang,Kuo-Chang,SCIFINDER GOVERNMENT,0.00,0.00,USD,SciFinder Web,Substances - Get Reactions Web,1
398844,iGroup Asia Pacific Ltd,201407,WANGA00177,Hsin-chu,,Wang,Yi-Rong,SCIFINDER GOVERNMENT,0.00,0.00,USD,SciFinder Web,Explore Reactions,7
398844,iGroup Asia Pacific Ltd,201407,WANGA00177,Hsin-chu,,Wang,Yi-Rong,SCIFINDER GOVERNMENT,0.00,0.00,USD,SciFinder Web,Explore by Substructure,3
398844,iGroup Asia Pacific Ltd,201407,WANGA00177,Hsin-chu,,Wang,Yi-Rong,SCIFINDER GOVERNMENT,0.00,0.00,USD,SciFinder Web,Locate by Substance ID,1
398844,iGroup Asia Pacific Ltd,201407,WANGA00177,Hsin-chu,,Wang,Yi-Rong,SCIFINDER GOVERNMENT,0.00,0.00,USD,SciFinder Web,Explore by Research Topic Web,19
398844,iGroup Asia Pacific Ltd,201407,WEN920454,Hsin-chu,,Wen,Yen-Fang,SCIFINDER GOVERNMENT,0.00,0.00,USD,SciFinder Web,Explore by Substructure,4
398844,iGroup Asia Pacific Ltd,201407,WEN920454,Hsin-chu,,Wen,Yen-Fang,SCIFINDER GOVERNMENT,0.00,0.00,USD,SciFinder Web,Substances - Get Reactions Web,3
398844,iGroup Asia Pacific Ltd,201407,WU409775,Hsin-chu,,Wu,Shiau-Mei,SCIFINDER GOVERNMENT,0.00,0.00,USD,SciFinder Web,Locate by Substance ID,1
398844,iGroup Asia Pacific Ltd,201407,WU409775,Hsin-chu,,Wu,Shiau-Mei,SCIFINDER GOVERNMENT,0.00,0.00,USD,SciFinder Web,Explore by Research Topic Web,2
398844,iGroup Asia Pacific Ltd,201407,WU880175,Hsin-chu,,Wu,Cheng-Tao,SCIFINDER GOVERNMENT,0.00,0.00,USD,SciFinder Web,Index Term Search,2
398844,iGroup Asia Pacific Ltd,201407,WU880175,Hsin-chu,,Wu,Cheng-Tao,SCIFINDER GOVERNMENT,0.00,0.00,USD,SciFinder Web,Explore by Research Topic Web,5
398844,iGroup Asia Pacific Ltd,201407,WU880175,Hsin-chu,,Wu,Cheng-Tao,SCIFINDER GOVERNMENT,0.00,0.00,USD,SciFinder Web,Explore by Document ID Web,57
398844,iGroup Asia Pacific Ltd,201407,WU880711,Hsin-chu,,Wu,Chang-Hung,SCIFINDER GOVERNMENT,0.00,0.00,USD,SciFinder Web,Explore by Substructure,2
398844,iGroup Asia Pacific Ltd,201407,WU880711,Hsin-chu,,Wu,Chang-Hung,SCIFINDER GOVERNMENT,0.00,0.00,USD,SciFinder Web,Explore by Research Topic Web,1
398844,iGroup Asia Pacific Ltd,201407,YANGA20202,Hsin-chu,,Yang,Hui-Yun,SCIFINDER GOVERNMENT,0.00,0.00,USD,SciFinder Web,Explore by Substructure,1
398844,iGroup Asia Pacific Ltd,201407,YANGA20202,Hsin-chu,,Yang,Hui-Yun,SCIFINDER GOVERNMENT,0.00,0.00,USD,SciFinder Web,Substances - Get Reactions Web,1
398844,iGroup Asia Pacific Ltd,201407,YEH910569,Hsin-chu,,Yeh,Shu-Ling,SCIFINDER GOVERNMENT,0.00,0.00,USD,SciFinder Web,Explore by Research Topic Web,16
