BILL-TO NUMBER,BILL-TO NAME,PERIOD,LOGINID,CITY,COST CENTER,USER NAME,USER FIRST NAME,USAGE TYPE,GROSS CHARGES,ADJUSTED CHARGES,CURRENCY,SCIFINDER PLATFORM,USAGE DESCRIPTION,USAGE QUANTITY
398844,iGroup Asia Pacific Ltd,201402,CHANG950524,Hsin-chu,,Chang,Fang-Ching,SCIFINDER GOVERNMENT,0.00,0.00,USD,SciFinder Web,Explore by Research Topic Web,5
398844,iGroup Asia Pacific Ltd,201402,CHANGA00469,Hsin-chu,,Chang,Ping-Chung,SCIFINDER GOVERNMENT,0.00,0.00,USD,SciFinder Web,Explore by Research Topic Web,6
398844,iGroup Asia Pacific Ltd,201402,CHANGA10361,Hsin-chu,,Chang,Cha-Wen,SCIFINDER GOVERNMENT,0.00,0.00,USD,SciFinder Web,Closed Reaction Search,1
398844,iGroup Asia Pacific Ltd,201402,CHANGA10361,Hsin-chu,,Chang,Cha-Wen,SCIFINDER GOVERNMENT,0.00,0.00,USD,SciFinder Web,Explore by Author Name Web,1
398844,iGroup Asia Pacific Ltd,201402,CHANGA10361,Hsin-chu,,Chang,Cha-Wen,SCIFINDER GOVERNMENT,0.00,0.00,USD,SciFinder Web,Explore by Research Topic Web,2
398844,iGroup Asia Pacific Ltd,201402,CHANGA10361,Hsin-chu,,Chang,Cha-Wen,SCIFINDER GOVERNMENT,0.00,0.00,USD,SciFinder Web,Explore by Journal Web,2
398844,iGroup Asia Pacific Ltd,201402,CHAO950649,Hsin-chu,,Chao,Teng-Chih,SCIFINDER GOVERNMENT,0.00,0.00,USD,SciFinder Web,Explore by Research Topic Web,6
398844,iGroup Asia Pacific Ltd,201402,CHEN750103,Hsin-chu,,Chen,Chih-Hung,SCIFINDER GOVERNMENT,0.00,0.00,USD,SciFinder Web,Explore by Structure Similarity,2
398844,iGroup Asia Pacific Ltd,201402,CHEN750103,Hsin-chu,,Chen,Chih-Hung,SCIFINDER GOVERNMENT,0.00,0.00,USD,SciFinder Web,Substances - Get Reactions Web,3
398844,iGroup Asia Pacific Ltd,201402,CHEN760432,Hsin-chu,,Chen,Mei-Hwai,SCIFINDER GOVERNMENT,0.00,0.00,USD,SciFinder Web,Explore Reactions,9
398844,iGroup Asia Pacific Ltd,201402,CHEN760432,Hsin-chu,,Chen,Mei-Hwai,SCIFINDER GOVERNMENT,0.00,0.00,USD,SciFinder Web,Explore by Substructure,2
398844,iGroup Asia Pacific Ltd,201402,CHEN760432,Hsin-chu,,Chen,Mei-Hwai,SCIFINDER GOVERNMENT,0.00,0.00,USD,SciFinder Web,Locate by Substance ID,1
398844,iGroup Asia Pacific Ltd,201402,CHEN760432,Hsin-chu,,Chen,Mei-Hwai,SCIFINDER GOVERNMENT,0.00,0.00,USD,SciFinder Web,Substances - Get Reactions Web,2
398844,iGroup Asia Pacific Ltd,201402,CHEN960356,Hsin-chu,,Chen,Sue-May,SCIFINDER GOVERNMENT,0.00,0.00,USD,SciFinder Web,Explore by Research Topic Web,2
398844,iGroup Asia Pacific Ltd,201402,CHEN990023,Hsin-chu,,Chen,Meng-Hsin,SCIFINDER GOVERNMENT,0.00,0.00,USD,SciFinder Web,Explore by Research Topic Web,3
398844,iGroup Asia Pacific Ltd,201402,CHENG950330,Hsin-chu,,Cheng,chien hsien,SCIFINDER GOVERNMENT,0.00,0.00,USD,SciFinder Web,Explore Reactions,6
398844,iGroup Asia Pacific Ltd,201402,CHENG950330,Hsin-chu,,Cheng,chien hsien,SCIFINDER GOVERNMENT,0.00,0.00,USD,SciFinder Web,Closed Reaction Search,2
398844,iGroup Asia Pacific Ltd,201402,CHOU940132,Hsin-chu,,Chou,Tsung-Yi,SCIFINDER GOVERNMENT,0.00,0.00,USD,SciFinder Client,Keep-Me-Posted Weekly by Substructure,4
398844,iGroup Asia Pacific Ltd,201402,CHOU960404,Hsin-chu,,Chou,Nien-Tzu,SCIFINDER GOVERNMENT,0.00,0.00,USD,SciFinder Web,Explore by Research Topic Web,6
398844,iGroup Asia Pacific Ltd,201402,CHOU960404,Hsin-chu,,Chou,Nien-Tzu,SCIFINDER GOVERNMENT,0.00,0.00,USD,SciFinder Web,Explore by Company Name Web,1
398844,iGroup Asia Pacific Ltd,201402,CHUNG960660,Hsin-chu,,Chung,Yao-Chu,SCIFINDER GOVERNMENT,0.00,0.00,USD,SciFinder Web,Explore by Research Topic Web,1
398844,iGroup Asia Pacific Ltd,201402,HANG920056,Hsin-chu,,Hang,Jian-Yi,SCIFINDER GOVERNMENT,0.00,0.00,USD,SciFinder Web,Explore Reactions,1
398844,iGroup Asia Pacific Ltd,201402,HSIANG990261,Hsin-chu,,Hsiang,Shou-Jui,SCIFINDER GOVERNMENT,0.00,0.00,USD,SciFinder Web,Explore by Research Topic Web,6
398844,iGroup Asia Pacific Ltd,201402,HSIEH960439,Hsin-chu,,Hsieh,Hsin-Ju,SCIFINDER GOVERNMENT,0.00,0.00,USD,SciFinder Web,Explore by Research Topic Web,5
398844,iGroup Asia Pacific Ltd,201402,HSUA20356,Hsin-chu,,Hsu,Brian,SCIFINDER GOVERNMENT,0.00,0.00,USD,SciFinder Web,Explore by Research Topic Web,1
398844,iGroup Asia Pacific Ltd,201402,HUANG450296,Hsin-chu,,Huang,Li-Ting,SCIFINDER GOVERNMENT,0.00,0.00,USD,SciFinder Web,Explore by Substructure,1
398844,iGroup Asia Pacific Ltd,201402,HUANG450296,Hsin-chu,,Huang,Li-Ting,SCIFINDER GOVERNMENT,0.00,0.00,USD,SciFinder Web,Substances - Get Reactions Web,2
398844,iGroup Asia Pacific Ltd,201402,HUANG950654,Hsin-chu,,Huang,Kumg-Hsun,SCIFINDER GOVERNMENT,0.00,0.00,USD,SciFinder Web,Explore by Structures,1
398844,iGroup Asia Pacific Ltd,201402,HUANG950654,Hsin-chu,,Huang,Kumg-Hsun,SCIFINDER GOVERNMENT,0.00,0.00,USD,SciFinder Web,Explore Reactions,1
398844,iGroup Asia Pacific Ltd,201402,HUANG950654,Hsin-chu,,Huang,Kumg-Hsun,SCIFINDER GOVERNMENT,0.00,0.00,USD,SciFinder Web,Closed Reaction Search,4
398844,iGroup Asia Pacific Ltd,201402,HUANG950654,Hsin-chu,,Huang,Kumg-Hsun,SCIFINDER GOVERNMENT,0.00,0.00,USD,SciFinder Web,Explore by Research Topic Web,4
398844,iGroup Asia Pacific Ltd,201402,HUANG950654,Hsin-chu,,Huang,Kumg-Hsun,SCIFINDER GOVERNMENT,0.00,0.00,USD,SciFinder Web,References - Get Substances Web,1
398844,iGroup Asia Pacific Ltd,201402,HUANG950654,Hsin-chu,,Huang,Kumg-Hsun,SCIFINDER GOVERNMENT,0.00,0.00,USD,SciFinder Web,Substances - Get Reactions Web,3
398844,iGroup Asia Pacific Ltd,201402,HUANG980005,Hsin-chu,,Huang,Jui-wen,SCIFINDER GOVERNMENT,0.00,0.00,USD,SciFinder Client,Keep-Me-Posted Weekly by Exact Structure,4
398844,iGroup Asia Pacific Ltd,201402,HUNG850169,Hsin-chu,,Hung,Chi-Y,SCIFINDER GOVERNMENT,0.00,0.00,USD,SciFinder Web,Explore by Structures,2
398844,iGroup Asia Pacific Ltd,201402,HUNG850169,Hsin-chu,,Hung,Chi-Y,SCIFINDER GOVERNMENT,0.00,0.00,USD,SciFinder Web,Explore Reactions,13
398844,iGroup Asia Pacific Ltd,201402,HUNG850169,Hsin-chu,,Hung,Chi-Y,SCIFINDER GOVERNMENT,0.00,0.00,USD,SciFinder Web,Explore by Substructure,2
398844,iGroup Asia Pacific Ltd,201402,HUNG850169,Hsin-chu,,Hung,Chi-Y,SCIFINDER GOVERNMENT,0.00,0.00,USD,SciFinder Web,Closed Reaction Search,2
398844,iGroup Asia Pacific Ltd,201402,HUNG850169,Hsin-chu,,Hung,Chi-Y,SCIFINDER GOVERNMENT,0.00,0.00,USD,SciFinder Web,Explore by Substructure-Markush - Web,1
398844,iGroup Asia Pacific Ltd,201402,KAO530686,Hsin-chu,,Kao,Chih-Wei,SCIFINDER GOVERNMENT,0.00,0.00,USD,SciFinder Web,Explore by Research Topic Web,3
398844,iGroup Asia Pacific Ltd,201402,KUAN527281,Hsin-chu,,Kuan,Chi En,SCIFINDER GOVERNMENT,0.00,0.00,USD,SciFinder Web,Explore by Research Topic Web,1
398844,iGroup Asia Pacific Ltd,201402,LEE900001,Hsin-chu,,Lee,On,SCIFINDER GOVERNMENT,0.00,0.00,USD,SciFinder Web,Explore by Substructure,1
398844,iGroup Asia Pacific Ltd,201402,LEE900001,Hsin-chu,,Lee,On,SCIFINDER GOVERNMENT,0.00,0.00,USD,SciFinder Web,Reactions - Get Reactions Web,2
398844,iGroup Asia Pacific Ltd,201402,LEE900001,Hsin-chu,,Lee,On,SCIFINDER GOVERNMENT,0.00,0.00,USD,SciFinder Web,Substances - Get Reactions Web,3
398844,iGroup Asia Pacific Ltd,201402,LEE990178,Hsin-chu,,Lee,Chung-Chou,SCIFINDER GOVERNMENT,0.00,0.00,USD,SciFinder Web,Explore by Structures,10
398844,iGroup Asia Pacific Ltd,201402,LEE990178,Hsin-chu,,Lee,Chung-Chou,SCIFINDER GOVERNMENT,0.00,0.00,USD,SciFinder Web,Explore by Substructure,4
398844,iGroup Asia Pacific Ltd,201402,LEE990178,Hsin-chu,,Lee,Chung-Chou,SCIFINDER GOVERNMENT,0.00,0.00,USD,SciFinder Web,Substances - Get Reactions Web,1
398844,iGroup Asia Pacific Ltd,201402,LIAO980104,Hsin-chu,,Liao,Chun-Hsiung,SCIFINDER GOVERNMENT,0.00,0.00,USD,SciFinder Web,Explore by Research Topic Web,3
398844,iGroup Asia Pacific Ltd,201402,LIAWA00356,Hsin-chu,,Liaw,Chao-Wu,SCIFINDER GOVERNMENT,0.00,0.00,USD,SciFinder Web,Explore Reactions,6
398844,iGroup Asia Pacific Ltd,201402,LIN451048,Hsin-chu,,Lin,Yu-Chen,SCIFINDER GOVERNMENT,0.00,0.00,USD,SciFinder Web,Explore by Structures,3
398844,iGroup Asia Pacific Ltd,201402,LIN451048,Hsin-chu,,Lin,Yu-Chen,SCIFINDER GOVERNMENT,0.00,0.00,USD,SciFinder Web,Explore Reactions,4
398844,iGroup Asia Pacific Ltd,201402,LIN451048,Hsin-chu,,Lin,Yu-Chen,SCIFINDER GOVERNMENT,0.00,0.00,USD,SciFinder Web,Explore by Substructure,3
398844,iGroup Asia Pacific Ltd,201402,LIN451048,Hsin-chu,,Lin,Yu-Chen,SCIFINDER GOVERNMENT,0.00,0.00,USD,SciFinder Web,Explore by Author Name Web,1
398844,iGroup Asia Pacific Ltd,201402,LIN451048,Hsin-chu,,Lin,Yu-Chen,SCIFINDER GOVERNMENT,0.00,0.00,USD,SciFinder Web,Explore by Research Topic Web,3
398844,iGroup Asia Pacific Ltd,201402,LIN451048,Hsin-chu,,Lin,Yu-Chen,SCIFINDER GOVERNMENT,0.00,0.00,USD,SciFinder Web,Substances - Get Reactions Web,5
398844,iGroup Asia Pacific Ltd,201402,LIN950048,Hsin-chu,,Lin,Sheng Lin,SCIFINDER GOVERNMENT,0.00,0.00,USD,SciFinder Web,Explore Reactions,2
398844,iGroup Asia Pacific Ltd,201402,LIN950048,Hsin-chu,,Lin,Sheng Lin,SCIFINDER GOVERNMENT,0.00,0.00,USD,SciFinder Web,Explore by Substructure,4
398844,iGroup Asia Pacific Ltd,201402,LIN950618,Hsin-chu,,Lin,Chih-Haw,SCIFINDER GOVERNMENT,0.00,0.00,USD,SciFinder Web,Explore by Substructure,2
398844,iGroup Asia Pacific Ltd,201402,LIN980196,Hsin-chu,,Lin,Jian-Wen,SCIFINDER GOVERNMENT,0.00,0.00,USD,SciFinder Web,Explore by Structures,3
398844,iGroup Asia Pacific Ltd,201402,LIN980196,Hsin-chu,,Lin,Jian-Wen,SCIFINDER GOVERNMENT,0.00,0.00,USD,SciFinder Web,Explore Reactions,12
398844,iGroup Asia Pacific Ltd,201402,LIN980196,Hsin-chu,,Lin,Jian-Wen,SCIFINDER GOVERNMENT,0.00,0.00,USD,SciFinder Web,Explore by Substructure,15
398844,iGroup Asia Pacific Ltd,201402,LIN980196,Hsin-chu,,Lin,Jian-Wen,SCIFINDER GOVERNMENT,0.00,0.00,USD,SciFinder Web,Closed Reaction Search,1
398844,iGroup Asia Pacific Ltd,201402,LINA10270,Hsin-chu,,Lin,Wang-Chung,SCIFINDER GOVERNMENT,0.00,0.00,USD,SciFinder Web,Explore Reactions,2
398844,iGroup Asia Pacific Ltd,201402,LINA10270,Hsin-chu,,Lin,Wang-Chung,SCIFINDER GOVERNMENT,0.00,0.00,USD,SciFinder Web,Index Term Search,1
398844,iGroup Asia Pacific Ltd,201402,LIOU000143,Hsin-chu,,liou,jia-Lun,SCIFINDER GOVERNMENT,0.00,0.00,USD,SciFinder Web,Explore Reactions,1
398844,iGroup Asia Pacific Ltd,201402,LIU529906,Hsin-chu,,Liu,Fei-Tsui,SCIFINDER GOVERNMENT,0.00,0.00,USD,SciFinder Web,Explore by Research Topic Web,20
398844,iGroup Asia Pacific Ltd,201402,LO850446,Hsin-chu,,Lo,Chao-Chun,SCIFINDER GOVERNMENT,0.00,0.00,USD,SciFinder Web,Keep-Me-Posted Weekly Web,16
398844,iGroup Asia Pacific Ltd,201402,OU910517,Hsin-chu,,Ou,Chun Yao,SCIFINDER GOVERNMENT,0.00,0.00,USD,SciFinder Web,Locate by Substance ID,1
398844,iGroup Asia Pacific Ltd,201402,PEN950583,Hsin-chu,,Pen,Lai Chin,SCIFINDER GOVERNMENT,0.00,0.00,USD,SciFinder Web,Explore by Research Topic Web,1
398844,iGroup Asia Pacific Ltd,201402,SCIRL1975,Hsin-chu,,Lin,Mai-Wei,SCIFINDER GOVERNMENT,0.00,0.00,USD,SciFinder Web,Explore by Research Topic Web,11
398844,iGroup Asia Pacific Ltd,201402,SCISN1281,Hsin-chu,,Wei,Swallow,SCIFINDER GOVERNMENT,0.00,0.00,USD,SciFinder Client,Keep-Me-Posted Weekly,2
398844,iGroup Asia Pacific Ltd,201402,SFGMW138,Hsin-chu,,Huang,Pei-Chen,SCIFINDER GOVERNMENT,0.00,0.00,USD,SciFinder Client,Keep-Me-Posted Weekly,4
398844,iGroup Asia Pacific Ltd,201402,SFGMW138,Hsin-chu,,Huang,Pei-Chen,SCIFINDER GOVERNMENT,0.00,0.00,USD,SciFinder Client,Keep-Me-Posted Weekly by Substructure,8
398844,iGroup Asia Pacific Ltd,201402,SFGMW139,Hsin-chu,,Tsai,Yung-Yu,SCIFINDER GOVERNMENT,0.00,0.00,USD,SciFinder Client,Keep-Me-Posted Weekly by Exact Structure,32
398844,iGroup Asia Pacific Ltd,201402,SFGMW139,Hsin-chu,,Tsai,Yung-Yu,SCIFINDER GOVERNMENT,0.00,0.00,USD,SciFinder Client,Keep-Me-Posted Weekly by Substructure,4
398844,iGroup Asia Pacific Ltd,201402,SFGMW141,Hsin-chu,,Tsai,Hui-Ping,SCIFINDER GOVERNMENT,0.00,0.00,USD,SciFinder Web,Explore by Structures,2
398844,iGroup Asia Pacific Ltd,201402,SFGMW141,Hsin-chu,,Tsai,Hui-Ping,SCIFINDER GOVERNMENT,0.00,0.00,USD,SciFinder Web,Locate by Substance ID,14
398844,iGroup Asia Pacific Ltd,201402,SFGMW141,Hsin-chu,,Tsai,Hui-Ping,SCIFINDER GOVERNMENT,0.00,0.00,USD,SciFinder Web,Explore by Research Topic Web,3
398844,iGroup Asia Pacific Ltd,201402,SFGMW141,Hsin-chu,,Tsai,Hui-Ping,SCIFINDER GOVERNMENT,0.00,0.00,USD,SciFinder Web,References - Get Substances Web,1
398844,iGroup Asia Pacific Ltd,201402,SFGMW141,Hsin-chu,,Tsai,Hui-Ping,SCIFINDER GOVERNMENT,0.00,0.00,USD,SciFinder Web,References - Get Reactions Web,4
398844,iGroup Asia Pacific Ltd,201402,SFGSS354,Hsin-chu,,Lin,Yung-Chan,SCIFINDER GOVERNMENT,0.00,0.00,USD,SciFinder Client,Keep-Me-Posted Weekly by Exact Structure,8
398844,iGroup Asia Pacific Ltd,201402,SFGSS356,Hsin-chu,,Chen,Mei-Wen,SCIFINDER GOVERNMENT,0.00,0.00,USD,SciFinder Client,Keep-Me-Posted Weekly,6
398844,iGroup Asia Pacific Ltd,201402,SFGSS356,Hsin-chu,,Chen,Mei-Wen,SCIFINDER GOVERNMENT,0.00,0.00,USD,SciFinder Client,Keep-Me-Posted Weekly by Exact Structure,4
398844,iGroup Asia Pacific Ltd,201402,SFGSS356,Hsin-chu,,Chen,Mei-Wen,SCIFINDER GOVERNMENT,0.00,0.00,USD,SciFinder Client,Keep-Me-Posted Monthly by Exact Structur,1
398844,iGroup Asia Pacific Ltd,201402,SFGSS357,Hsin-chu,,Chen,Claire,SCIFINDER GOVERNMENT,0.00,0.00,USD,SciFinder Client,Keep-Me-Posted Weekly,2
398844,iGroup Asia Pacific Ltd,201402,SFGSS360,Hsin-chu,,Teng,Dr Kelly,SCIFINDER GOVERNMENT,0.00,0.00,USD,SciFinder Web,Explore by Journal Web,5
398844,iGroup Asia Pacific Ltd,201402,SFGSS362,Hsin-chu,,Lo,Sandra,SCIFINDER GOVERNMENT,0.00,0.00,USD,SciFinder Client,Keep-Me-Posted Weekly by Exact Structure,4
398844,iGroup Asia Pacific Ltd,201402,SFGSS366,Hsin-chu,,Lee,Lain-Tze,SCIFINDER GOVERNMENT,0.00,0.00,USD,SciFinder Client,Keep-Me-Posted Weekly,4
398844,iGroup Asia Pacific Ltd,201402,SFGSS366,Hsin-chu,,Lee,Lain-Tze,SCIFINDER GOVERNMENT,0.00,0.00,USD,SciFinder Client,Keep-Me-Posted Weekly by Exact Structure,4
398844,iGroup Asia Pacific Ltd,201402,SFGSS366,Hsin-chu,,Lee,Lain-Tze,SCIFINDER GOVERNMENT,0.00,0.00,USD,SciFinder Client,Keep-Me-Posted Weekly by Substructure,4
398844,iGroup Asia Pacific Ltd,201402,SFGSS370,Hsin-chu,,Chin,Gino,SCIFINDER GOVERNMENT,0.00,0.00,USD,SciFinder Web,Explore by Structures,1
398844,iGroup Asia Pacific Ltd,201402,SFGSS370,Hsin-chu,,Chin,Gino,SCIFINDER GOVERNMENT,0.00,0.00,USD,SciFinder Web,Explore Reactions,2
398844,iGroup Asia Pacific Ltd,201402,SFGSS370,Hsin-chu,,Chin,Gino,SCIFINDER GOVERNMENT,0.00,0.00,USD,SciFinder Web,Explore by Substructure,2
398844,iGroup Asia Pacific Ltd,201402,SFGSS370,Hsin-chu,,Chin,Gino,SCIFINDER GOVERNMENT,0.00,0.00,USD,SciFinder Web,Closed Reaction Search,2
398844,iGroup Asia Pacific Ltd,201402,SFGSS370,Hsin-chu,,Chin,Gino,SCIFINDER GOVERNMENT,0.00,0.00,USD,SciFinder Web,Explore by Structure Similarity,1
398844,iGroup Asia Pacific Ltd,201402,SFGSS370,Hsin-chu,,Chin,Gino,SCIFINDER GOVERNMENT,0.00,0.00,USD,SciFinder Client,Keep-Me-Posted Weekly by Exact Structure,36
398844,iGroup Asia Pacific Ltd,201402,SFGSS370,Hsin-chu,,Chin,Gino,SCIFINDER GOVERNMENT,0.00,0.00,USD,SciFinder Client,Keep-Me-Posted Weekly by Substructure,16
398844,iGroup Asia Pacific Ltd,201402,SFGSS370,Hsin-chu,,Chin,Gino,SCIFINDER GOVERNMENT,0.00,0.00,USD,SciFinder Web,Explore by Research Topic Web,3
398844,iGroup Asia Pacific Ltd,201402,SFGSS370,Hsin-chu,,Chin,Gino,SCIFINDER GOVERNMENT,0.00,0.00,USD,SciFinder Web,Substances - Get Reactions Web,2
398844,iGroup Asia Pacific Ltd,201402,SFGSS385,Hsin-chu,,Yang,Wei-Ta,SCIFINDER GOVERNMENT,0.00,0.00,USD,SciFinder Client,Keep-Me-Posted Weekly by Exact Structure,8
398844,iGroup Asia Pacific Ltd,201402,SFGSS400,Hsin-chu,,Jenn-Tsang,Hwang,SCIFINDER GOVERNMENT,0.00,0.00,USD,SciFinder Web,Explore by Structures,1
398844,iGroup Asia Pacific Ltd,201402,SFGSS400,Hsin-chu,,Jenn-Tsang,Hwang,SCIFINDER GOVERNMENT,0.00,0.00,USD,SciFinder Web,Explore Reactions,4
398844,iGroup Asia Pacific Ltd,201402,SFGSS400,Hsin-chu,,Jenn-Tsang,Hwang,SCIFINDER GOVERNMENT,0.00,0.00,USD,SciFinder Web,Locate by Substance ID,2
398844,iGroup Asia Pacific Ltd,201402,SFGSS400,Hsin-chu,,Jenn-Tsang,Hwang,SCIFINDER GOVERNMENT,0.00,0.00,USD,SciFinder Client,Keep-Me-Posted Weekly by Exact Structure,4
398844,iGroup Asia Pacific Ltd,201402,SFGSS400,Hsin-chu,,Jenn-Tsang,Hwang,SCIFINDER GOVERNMENT,0.00,0.00,USD,SciFinder Client,Keep-Me-Posted Weekly by Substructure,12
398844,iGroup Asia Pacific Ltd,201402,SFGSS400,Hsin-chu,,Jenn-Tsang,Hwang,SCIFINDER GOVERNMENT,0.00,0.00,USD,SciFinder Web,Explore by Research Topic Web,3
398844,iGroup Asia Pacific Ltd,201402,SFGSS400,Hsin-chu,,Jenn-Tsang,Hwang,SCIFINDER GOVERNMENT,0.00,0.00,USD,SciFinder Web,Substances - Get Reactions Web,6
398844,iGroup Asia Pacific Ltd,201402,SFGSS403,Hsin-chu,,Long,Yean-San,SCIFINDER GOVERNMENT,0.00,0.00,USD,SciFinder Client,Keep-Me-Posted Weekly by Exact Structure,4
398844,iGroup Asia Pacific Ltd,201402,TSAI450946,Hsin-chu,,Tsai,i-Hsuan,SCIFINDER GOVERNMENT,0.00,0.00,USD,SciFinder Web,Explore Reactions,3
398844,iGroup Asia Pacific Ltd,201402,TSAI450946,Hsin-chu,,Tsai,i-Hsuan,SCIFINDER GOVERNMENT,0.00,0.00,USD,SciFinder Web,Closed Reaction Search,1
398844,iGroup Asia Pacific Ltd,201402,TSAI450946,Hsin-chu,,Tsai,i-Hsuan,SCIFINDER GOVERNMENT,0.00,0.00,USD,SciFinder Web,Explore by Research Topic Web,1
398844,iGroup Asia Pacific Ltd,201402,TSAIA20042,Hsin-chu,,Tsai,Cheng-Hsiu,SCIFINDER GOVERNMENT,0.00,0.00,USD,SciFinder Web,Explore by Research Topic Web,14
398844,iGroup Asia Pacific Ltd,201402,WANG930499,Hsin-chu,,Wang,Wen-Hsien,SCIFINDER GOVERNMENT,0.00,0.00,USD,SciFinder Web,Explore by Substructure,1
398844,iGroup Asia Pacific Ltd,201402,WANG930499,Hsin-chu,,Wang,Wen-Hsien,SCIFINDER GOVERNMENT,0.00,0.00,USD,SciFinder Web,Substances - Get Reactions Web,1
398844,iGroup Asia Pacific Ltd,201402,WANG970550,Hsin-chu,,Wang,Kuo-Chang,SCIFINDER GOVERNMENT,0.00,0.00,USD,SciFinder Web,Explore by Structures,10
398844,iGroup Asia Pacific Ltd,201402,WANG970550,Hsin-chu,,Wang,Kuo-Chang,SCIFINDER GOVERNMENT,0.00,0.00,USD,SciFinder Web,Explore Reactions,36
398844,iGroup Asia Pacific Ltd,201402,WANG970550,Hsin-chu,,Wang,Kuo-Chang,SCIFINDER GOVERNMENT,0.00,0.00,USD,SciFinder Web,Explore by Substructure,13
398844,iGroup Asia Pacific Ltd,201402,WANG970550,Hsin-chu,,Wang,Kuo-Chang,SCIFINDER GOVERNMENT,0.00,0.00,USD,SciFinder Web,Closed Reaction Search,7
398844,iGroup Asia Pacific Ltd,201402,WANG970550,Hsin-chu,,Wang,Kuo-Chang,SCIFINDER GOVERNMENT,0.00,0.00,USD,SciFinder Web,Explore by Structure Similarity,26
398844,iGroup Asia Pacific Ltd,201402,WANG970550,Hsin-chu,,Wang,Kuo-Chang,SCIFINDER GOVERNMENT,0.00,0.00,USD,SciFinder Web,Reactions - Get Reactions Web,7
398844,iGroup Asia Pacific Ltd,201402,WANG970550,Hsin-chu,,Wang,Kuo-Chang,SCIFINDER GOVERNMENT,0.00,0.00,USD,SciFinder Web,References - Get Reactions Web,1
398844,iGroup Asia Pacific Ltd,201402,WANG970550,Hsin-chu,,Wang,Kuo-Chang,SCIFINDER GOVERNMENT,0.00,0.00,USD,SciFinder Web,Substances - Get Reactions Web,14
398844,iGroup Asia Pacific Ltd,201402,WANG970550,Hsin-chu,,Wang,Kuo-Chang,SCIFINDER GOVERNMENT,0.00,0.00,USD,SciFinder Web,Explore by Substructure-Markush - Web,3
398844,iGroup Asia Pacific Ltd,201402,WANGA00177,Hsin-chu,,Wang,Yi-Rong,SCIFINDER GOVERNMENT,0.00,0.00,USD,SciFinder Web,Explore by Research Topic Web,7
398844,iGroup Asia Pacific Ltd,201402,WEN920454,Hsin-chu,,Wen,Yen-Fang,SCIFINDER GOVERNMENT,0.00,0.00,USD,SciFinder Web,Explore Reactions,6
398844,iGroup Asia Pacific Ltd,201402,WU409775,Hsin-chu,,Wu,Shiau-Mei,SCIFINDER GOVERNMENT,0.00,0.00,USD,SciFinder Web,Explore by Research Topic Web,6
398844,iGroup Asia Pacific Ltd,201402,WU900348,Hsin-chu,,Wu,Hsin-Chieh,SCIFINDER GOVERNMENT,0.00,0.00,USD,SciFinder Web,Explore by Research Topic Web,11
398844,iGroup Asia Pacific Ltd,201402,WUA10430,Hsin-chu,,Wu,Cheng-An,SCIFINDER GOVERNMENT,0.00,0.00,USD,SciFinder Web,Explore by Research Topic Web,1
