BILL-TO NUMBER,BILL-TO NAME,PERIOD,LOGINID,CITY,COST CENTER,USER NAME,USER FIRST NAME,USAGE TYPE,GROSS CHARGES,ADJUSTED CHARGES,CURRENCY,SCIFINDER PLATFORM,USAGE DESCRIPTION,USAGE QUANTITY
398844,iGroup Asia Pacific Ltd,201405,SCISN1275,Hsin-chu,,Lee,Carol,SUPPORT,52.75,0.00,USD,SciFinder Web,Explore by Research Topic Web,1
398844,iGroup Asia Pacific Ltd,201405,CHANG529197,Hsin-chu,,Chang,Cain Hua,SCIFINDER GOVERNMENT,0.00,0.00,USD,SciFinder Web,Explore by Research Topic Web,1
398844,iGroup Asia Pacific Ltd,201405,CHANG950524,Hsin-chu,,Chang,Fang-Ching,SCIFINDER GOVERNMENT,0.00,0.00,USD,SciFinder Web,Explore by Research Topic Web,7
398844,iGroup Asia Pacific Ltd,201405,CHANGA10359,Hsin-chu,,Chang,Shu-Nung,SCIFINDER GOVERNMENT,0.00,0.00,USD,SciFinder Web,Explore Reactions,1
398844,iGroup Asia Pacific Ltd,201405,CHAO950649,Hsin-chu,,Chao,Teng-Chih,SCIFINDER GOVERNMENT,0.00,0.00,USD,SciFinder Web,Explore by Research Topic Web,1
398844,iGroup Asia Pacific Ltd,201405,CHEN451479,Hsin-chu,,Chen,Pei-Chin,SCIFINDER GOVERNMENT,0.00,0.00,USD,SciFinder Web,Explore by Structures,5
398844,iGroup Asia Pacific Ltd,201405,CHEN451479,Hsin-chu,,Chen,Pei-Chin,SCIFINDER GOVERNMENT,0.00,0.00,USD,SciFinder Web,Explore by Structure Similarity,2
398844,iGroup Asia Pacific Ltd,201405,CHEN451479,Hsin-chu,,Chen,Pei-Chin,SCIFINDER GOVERNMENT,0.00,0.00,USD,SciFinder Web,Explore by Research Topic Web,10
398844,iGroup Asia Pacific Ltd,201405,CHEN760432,Hsin-chu,,Chen,Mei-Hwai,SCIFINDER GOVERNMENT,0.00,0.00,USD,SciFinder Web,Explore by Substructure,1
398844,iGroup Asia Pacific Ltd,201405,CHEN760432,Hsin-chu,,Chen,Mei-Hwai,SCIFINDER GOVERNMENT,0.00,0.00,USD,SciFinder Web,Explore by Research Topic Web,1
398844,iGroup Asia Pacific Ltd,201405,CHEN760432,Hsin-chu,,Chen,Mei-Hwai,SCIFINDER GOVERNMENT,0.00,0.00,USD,SciFinder Web,Substances - Get Reactions Web,1
398844,iGroup Asia Pacific Ltd,201405,CHEN950296,Hsin-chu,,Chen,Yu-Ting,SCIFINDER GOVERNMENT,0.00,0.00,USD,SciFinder Web,Explore Reactions,5
398844,iGroup Asia Pacific Ltd,201405,CHEN950296,Hsin-chu,,Chen,Yu-Ting,SCIFINDER GOVERNMENT,0.00,0.00,USD,SciFinder Web,Explore by Substructure,2
398844,iGroup Asia Pacific Ltd,201405,CHEN950296,Hsin-chu,,Chen,Yu-Ting,SCIFINDER GOVERNMENT,0.00,0.00,USD,SciFinder Web,Closed Reaction Search,4
398844,iGroup Asia Pacific Ltd,201405,CHEN950296,Hsin-chu,,Chen,Yu-Ting,SCIFINDER GOVERNMENT,0.00,0.00,USD,SciFinder Web,Explore by Research Topic Web,1
398844,iGroup Asia Pacific Ltd,201405,CHEN950296,Hsin-chu,,Chen,Yu-Ting,SCIFINDER GOVERNMENT,0.00,0.00,USD,SciFinder Web,Get Additional Reactions,1
398844,iGroup Asia Pacific Ltd,201405,CHEN960356,Hsin-chu,,Chen,Sue-May,SCIFINDER GOVERNMENT,0.00,0.00,USD,SciFinder Web,Explore by Research Topic Web,1
398844,iGroup Asia Pacific Ltd,201405,CHENA00597,Hsin-chu,,Chen,Tai-Sheng,SCIFINDER GOVERNMENT,0.00,0.00,USD,SciFinder Web,Explore by Research Topic Web,8
398844,iGroup Asia Pacific Ltd,201405,CHIU960131,Hsin-chu,,Chiu,Wei-Chun,SCIFINDER GOVERNMENT,0.00,0.00,USD,SciFinder Web,Explore by Research Topic Web,6
398844,iGroup Asia Pacific Ltd,201405,CHIU960131,Hsin-chu,,Chiu,Wei-Chun,SCIFINDER GOVERNMENT,0.00,0.00,USD,SciFinder Web,References - Get Reactions Web,1
398844,iGroup Asia Pacific Ltd,201405,CHIU990358,Hsin-chu,,Chiu,Jen-Chun,SCIFINDER GOVERNMENT,0.00,0.00,USD,SciFinder Web,Explore by Structures,1
398844,iGroup Asia Pacific Ltd,201405,CHIU990358,Hsin-chu,,Chiu,Jen-Chun,SCIFINDER GOVERNMENT,0.00,0.00,USD,SciFinder Web,Index Term Search,1
398844,iGroup Asia Pacific Ltd,201405,CHOU940132,Hsin-chu,,Chou,Tsung-Yi,SCIFINDER GOVERNMENT,0.00,0.00,USD,SciFinder Client,Keep-Me-Posted Weekly by Substructure,4
398844,iGroup Asia Pacific Ltd,201405,HSU990206,Hsin-chu,,Hsu,Yu-Chuan,SCIFINDER GOVERNMENT,0.00,0.00,USD,SciFinder Web,Explore by Research Topic Web,4
398844,iGroup Asia Pacific Ltd,201405,HUANG408201,Hsin-chu,,Huang,Cheng-Jyun,SCIFINDER GOVERNMENT,0.00,0.00,USD,SciFinder Web,Explore by Structures,1
398844,iGroup Asia Pacific Ltd,201405,HUANG408201,Hsin-chu,,Huang,Cheng-Jyun,SCIFINDER GOVERNMENT,0.00,0.00,USD,SciFinder Web,Substances - Get Reactions Web,2
398844,iGroup Asia Pacific Ltd,201405,HUANG840192,Hsin-chu,,Huang,Ling-Shu,SCIFINDER GOVERNMENT,0.00,0.00,USD,SciFinder Web,Explore by Substructure,3
398844,iGroup Asia Pacific Ltd,201405,HUANG930012,Hsin-chu,,Huang,Yuan-Chang,SCIFINDER GOVERNMENT,0.00,0.00,USD,SciFinder Web,Explore by Research Topic Web,3
398844,iGroup Asia Pacific Ltd,201405,HUANG980005,Hsin-chu,,Huang,Jui-wen,SCIFINDER GOVERNMENT,0.00,0.00,USD,SciFinder Client,Keep-Me-Posted Weekly by Exact Structure,4
398844,iGroup Asia Pacific Ltd,201405,HUANG980103,Hsin-chu,,Huang,Kuan-Yeh,SCIFINDER GOVERNMENT,0.00,0.00,USD,SciFinder Web,Explore by Research Topic Web,4
398844,iGroup Asia Pacific Ltd,201405,HUNG850169,Hsin-chu,,Hung,Chi-Y,SCIFINDER GOVERNMENT,0.00,0.00,USD,SciFinder Web,Explore by Structures,1
398844,iGroup Asia Pacific Ltd,201405,HUNG850169,Hsin-chu,,Hung,Chi-Y,SCIFINDER GOVERNMENT,0.00,0.00,USD,SciFinder Web,Explore Reactions,1
398844,iGroup Asia Pacific Ltd,201405,HUNG850169,Hsin-chu,,Hung,Chi-Y,SCIFINDER GOVERNMENT,0.00,0.00,USD,SciFinder Web,Explore by Substructure,4
398844,iGroup Asia Pacific Ltd,201405,HUNG850169,Hsin-chu,,Hung,Chi-Y,SCIFINDER GOVERNMENT,0.00,0.00,USD,SciFinder Web,Substances - Get Reactions Web,1
398844,iGroup Asia Pacific Ltd,201405,KUAN527281,Hsin-chu,,Kuan,Chi En,SCIFINDER GOVERNMENT,0.00,0.00,USD,SciFinder Web,Explore by Research Topic Web,2
398844,iGroup Asia Pacific Ltd,201405,KUOA20221,Hsin-chu,,Kuo,Yen-Ting,SCIFINDER GOVERNMENT,0.00,0.00,USD,SciFinder Web,Explore by Substructure,2
398844,iGroup Asia Pacific Ltd,201405,KUOA20221,Hsin-chu,,Kuo,Yen-Ting,SCIFINDER GOVERNMENT,0.00,0.00,USD,SciFinder Web,Substances - Get Reactions Web,1
398844,iGroup Asia Pacific Ltd,201405,LEE900001,Hsin-chu,,Lee,On,SCIFINDER GOVERNMENT,0.00,0.00,USD,SciFinder Web,Explore by Structures,10
398844,iGroup Asia Pacific Ltd,201405,LEE900001,Hsin-chu,,Lee,On,SCIFINDER GOVERNMENT,0.00,0.00,USD,SciFinder Web,Explore Reactions,3
398844,iGroup Asia Pacific Ltd,201405,LEE900001,Hsin-chu,,Lee,On,SCIFINDER GOVERNMENT,0.00,0.00,USD,SciFinder Web,Explore by Substructure,7
398844,iGroup Asia Pacific Ltd,201405,LEE900001,Hsin-chu,,Lee,On,SCIFINDER GOVERNMENT,0.00,0.00,USD,SciFinder Web,Locate by Substance ID,3
398844,iGroup Asia Pacific Ltd,201405,LEE900001,Hsin-chu,,Lee,On,SCIFINDER GOVERNMENT,0.00,0.00,USD,SciFinder Web,Reactions - Get Reactions Web,9
398844,iGroup Asia Pacific Ltd,201405,LEE900001,Hsin-chu,,Lee,On,SCIFINDER GOVERNMENT,0.00,0.00,USD,SciFinder Web,Substances - Get Reactions Web,30
398844,iGroup Asia Pacific Ltd,201405,LEEA20207,Hsin-chu,,Lee,Hsuan-Wei,SCIFINDER GOVERNMENT,0.00,0.00,USD,SciFinder Web,Explore by Research Topic Web,9
398844,iGroup Asia Pacific Ltd,201405,LIAWA00356,Hsin-chu,,Liaw,Chao-Wu,SCIFINDER GOVERNMENT,0.00,0.00,USD,SciFinder Web,Explore by Structures,1
398844,iGroup Asia Pacific Ltd,201405,LIAWA00356,Hsin-chu,,Liaw,Chao-Wu,SCIFINDER GOVERNMENT,0.00,0.00,USD,SciFinder Web,Explore Reactions,8
398844,iGroup Asia Pacific Ltd,201405,LIAWA00356,Hsin-chu,,Liaw,Chao-Wu,SCIFINDER GOVERNMENT,0.00,0.00,USD,SciFinder Web,Reactions - Get Reactions Web,1
398844,iGroup Asia Pacific Ltd,201405,LIAWA00356,Hsin-chu,,Liaw,Chao-Wu,SCIFINDER GOVERNMENT,0.00,0.00,USD,SciFinder Web,Substances - Get Reactions Web,1
398844,iGroup Asia Pacific Ltd,201405,LIN451048,Hsin-chu,,Lin,Yu-Chen,SCIFINDER GOVERNMENT,0.00,0.00,USD,SciFinder Web,Explore by Structures,2
398844,iGroup Asia Pacific Ltd,201405,LIN451048,Hsin-chu,,Lin,Yu-Chen,SCIFINDER GOVERNMENT,0.00,0.00,USD,SciFinder Web,Explore by Substructure,1
398844,iGroup Asia Pacific Ltd,201405,LIN451048,Hsin-chu,,Lin,Yu-Chen,SCIFINDER GOVERNMENT,0.00,0.00,USD,SciFinder Web,Explore by Research Topic Web,1
398844,iGroup Asia Pacific Ltd,201405,LIN451048,Hsin-chu,,Lin,Yu-Chen,SCIFINDER GOVERNMENT,0.00,0.00,USD,SciFinder Web,References - Get Reactions Web,1
398844,iGroup Asia Pacific Ltd,201405,LIN451048,Hsin-chu,,Lin,Yu-Chen,SCIFINDER GOVERNMENT,0.00,0.00,USD,SciFinder Web,Substances - Get Reactions Web,6
398844,iGroup Asia Pacific Ltd,201405,LIN870786,Hsin-chu,,Lin,Mei-Ru,SCIFINDER GOVERNMENT,0.00,0.00,USD,SciFinder Web,Explore by Substructure,8
398844,iGroup Asia Pacific Ltd,201405,LIN870786,Hsin-chu,,Lin,Mei-Ru,SCIFINDER GOVERNMENT,0.00,0.00,USD,SciFinder Web,Explore by Structure Similarity,2
398844,iGroup Asia Pacific Ltd,201405,LIN870786,Hsin-chu,,Lin,Mei-Ru,SCIFINDER GOVERNMENT,0.00,0.00,USD,SciFinder Web,Locate by Substance ID,1
398844,iGroup Asia Pacific Ltd,201405,LIN870786,Hsin-chu,,Lin,Mei-Ru,SCIFINDER GOVERNMENT,0.00,0.00,USD,SciFinder Web,Explore by Research Topic Web,9
398844,iGroup Asia Pacific Ltd,201405,LIN870786,Hsin-chu,,Lin,Mei-Ru,SCIFINDER GOVERNMENT,0.00,0.00,USD,SciFinder Web,References - Get Substances Web,1
398844,iGroup Asia Pacific Ltd,201405,LIN870786,Hsin-chu,,Lin,Mei-Ru,SCIFINDER GOVERNMENT,0.00,0.00,USD,SciFinder Web,Substances - Get Reactions Web,2
398844,iGroup Asia Pacific Ltd,201405,LIN950048,Hsin-chu,,Lin,Sheng Lin,SCIFINDER GOVERNMENT,0.00,0.00,USD,SciFinder Web,Explore Reactions,6
398844,iGroup Asia Pacific Ltd,201405,LIN950048,Hsin-chu,,Lin,Sheng Lin,SCIFINDER GOVERNMENT,0.00,0.00,USD,SciFinder Web,Explore by Substructure,4
398844,iGroup Asia Pacific Ltd,201405,LIN980196,Hsin-chu,,Lin,Jian-Wen,SCIFINDER GOVERNMENT,0.00,0.00,USD,SciFinder Web,Explore Reactions,8
398844,iGroup Asia Pacific Ltd,201405,LIN980196,Hsin-chu,,Lin,Jian-Wen,SCIFINDER GOVERNMENT,0.00,0.00,USD,SciFinder Web,Explore by Substance Property,1
398844,iGroup Asia Pacific Ltd,201405,LIU528177,Hsin-chu,,Liu,Wanchun,SCIFINDER GOVERNMENT,0.00,0.00,USD,SciFinder Web,Explore Reactions,12
398844,iGroup Asia Pacific Ltd,201405,LIU528177,Hsin-chu,,Liu,Wanchun,SCIFINDER GOVERNMENT,0.00,0.00,USD,SciFinder Web,Explore by Structure Similarity,2
398844,iGroup Asia Pacific Ltd,201405,LIU528177,Hsin-chu,,Liu,Wanchun,SCIFINDER GOVERNMENT,0.00,0.00,USD,SciFinder Web,Explore by Research Topic Web,1
398844,iGroup Asia Pacific Ltd,201405,LIU528177,Hsin-chu,,Liu,Wanchun,SCIFINDER GOVERNMENT,0.00,0.00,USD,SciFinder Web,Substances - Get Reactions Web,1
398844,iGroup Asia Pacific Ltd,201405,LIU528177,Hsin-chu,,Liu,Wanchun,SCIFINDER GOVERNMENT,0.00,0.00,USD,SciFinder Web,Get Similar Reactions Web,1
398844,iGroup Asia Pacific Ltd,201405,LIUA00600,Hsin-chu,,Liu,Ken-Yen,SCIFINDER GOVERNMENT,0.00,0.00,USD,SciFinder Web,Explore Reactions,2
398844,iGroup Asia Pacific Ltd,201405,LO850446,Hsin-chu,,Lo,Chao-Chun,SCIFINDER GOVERNMENT,0.00,0.00,USD,SciFinder Web,Keep-Me-Posted Weekly Web,20
398844,iGroup Asia Pacific Ltd,201405,OU910517,Hsin-chu,,Ou,Chun Yao,SCIFINDER GOVERNMENT,0.00,0.00,USD,SciFinder Web,Explore by Substructure-Markush - Web,1
398844,iGroup Asia Pacific Ltd,201405,SCIJB2378,Hsin-chu,,Kung,Yu-Ruei,SCIFINDER GOVERNMENT,0.00,0.00,USD,SciFinder Web,Explore by Research Topic Web,1
398844,iGroup Asia Pacific Ltd,201405,SCIRL4500,Hsin-chu,,Song,Tsing-Tang,SCIFINDER GOVERNMENT,0.00,0.00,USD,SciFinder Web,Explore by Research Topic Web,5
398844,iGroup Asia Pacific Ltd,201405,SCISN1281,Hsin-chu,,Wei,Swallow,SCIFINDER GOVERNMENT,0.00,0.00,USD,SciFinder Client,Keep-Me-Posted Weekly,4
398844,iGroup Asia Pacific Ltd,201405,SFGMW138,Hsin-chu,,Huang,Pei-Chen,SCIFINDER GOVERNMENT,0.00,0.00,USD,SciFinder Client,Keep-Me-Posted Weekly,4
398844,iGroup Asia Pacific Ltd,201405,SFGMW138,Hsin-chu,,Huang,Pei-Chen,SCIFINDER GOVERNMENT,0.00,0.00,USD,SciFinder Client,Keep-Me-Posted Weekly by Substructure,8
398844,iGroup Asia Pacific Ltd,201405,SFGMW139,Hsin-chu,,Tsai,Yung-Yu,SCIFINDER GOVERNMENT,0.00,0.00,USD,SciFinder Client,Keep-Me-Posted Weekly by Exact Structure,32
398844,iGroup Asia Pacific Ltd,201405,SFGMW139,Hsin-chu,,Tsai,Yung-Yu,SCIFINDER GOVERNMENT,0.00,0.00,USD,SciFinder Client,Keep-Me-Posted Weekly by Substructure,4
398844,iGroup Asia Pacific Ltd,201405,SFGMW141,Hsin-chu,,Tsai,Hui-Ping,SCIFINDER GOVERNMENT,0.00,0.00,USD,SciFinder Web,Explore by Research Topic Web,3
398844,iGroup Asia Pacific Ltd,201405,SFGSS354,Hsin-chu,,Lin,Yung-Chan,SCIFINDER GOVERNMENT,0.00,0.00,USD,SciFinder Web,Closed Reaction Search,2
398844,iGroup Asia Pacific Ltd,201405,SFGSS354,Hsin-chu,,Lin,Yung-Chan,SCIFINDER GOVERNMENT,0.00,0.00,USD,SciFinder Client,Keep-Me-Posted Weekly by Exact Structure,8
398844,iGroup Asia Pacific Ltd,201405,SFGSS354,Hsin-chu,,Lin,Yung-Chan,SCIFINDER GOVERNMENT,0.00,0.00,USD,SciFinder Web,Reactions - Get Reactions Web,1
398844,iGroup Asia Pacific Ltd,201405,SFGSS356,Hsin-chu,,Chen,Mei-Wen,SCIFINDER GOVERNMENT,0.00,0.00,USD,SciFinder Client,Keep-Me-Posted Weekly,6
398844,iGroup Asia Pacific Ltd,201405,SFGSS356,Hsin-chu,,Chen,Mei-Wen,SCIFINDER GOVERNMENT,0.00,0.00,USD,SciFinder Client,Keep-Me-Posted Weekly by Exact Structure,4
398844,iGroup Asia Pacific Ltd,201405,SFGSS356,Hsin-chu,,Chen,Mei-Wen,SCIFINDER GOVERNMENT,0.00,0.00,USD,SciFinder Client,Keep-Me-Posted Monthly by Exact Structur,1
398844,iGroup Asia Pacific Ltd,201405,SFGSS357,Hsin-chu,,Chen,Claire,SCIFINDER GOVERNMENT,0.00,0.00,USD,SciFinder Client,Keep-Me-Posted Weekly,2
398844,iGroup Asia Pacific Ltd,201405,SFGSS357,Hsin-chu,,Chen,Claire,SCIFINDER GOVERNMENT,0.00,0.00,USD,SciFinder Web,Locate by Substance ID,2
398844,iGroup Asia Pacific Ltd,201405,SFGSS357,Hsin-chu,,Chen,Claire,SCIFINDER GOVERNMENT,0.00,0.00,USD,SciFinder Web,Explore by Research Topic Web,25
398844,iGroup Asia Pacific Ltd,201405,SFGSS357,Hsin-chu,,Chen,Claire,SCIFINDER GOVERNMENT,0.00,0.00,USD,SciFinder Web,Explore by Patent Web,1
398844,iGroup Asia Pacific Ltd,201405,SFGSS357,Hsin-chu,,Chen,Claire,SCIFINDER GOVERNMENT,0.00,0.00,USD,SciFinder Web,References - Get Substances Web,5
398844,iGroup Asia Pacific Ltd,201405,SFGSS360,Hsin-chu,,Teng,Dr Kelly,SCIFINDER GOVERNMENT,0.00,0.00,USD,SciFinder Web,Explore by Author Name Web,1
398844,iGroup Asia Pacific Ltd,201405,SFGSS360,Hsin-chu,,Teng,Dr Kelly,SCIFINDER GOVERNMENT,0.00,0.00,USD,SciFinder Web,Explore by Research Topic Web,2
398844,iGroup Asia Pacific Ltd,201405,SFGSS362,Hsin-chu,,Lo,Sandra,SCIFINDER GOVERNMENT,0.00,0.00,USD,SciFinder Client,Keep-Me-Posted Weekly by Exact Structure,4
398844,iGroup Asia Pacific Ltd,201405,SFGSS366,Hsin-chu,,Lee,Lain-Tze,SCIFINDER GOVERNMENT,0.00,0.00,USD,SciFinder Client,Keep-Me-Posted Weekly,4
398844,iGroup Asia Pacific Ltd,201405,SFGSS366,Hsin-chu,,Lee,Lain-Tze,SCIFINDER GOVERNMENT,0.00,0.00,USD,SciFinder Client,Keep-Me-Posted Weekly by Exact Structure,4
398844,iGroup Asia Pacific Ltd,201405,SFGSS366,Hsin-chu,,Lee,Lain-Tze,SCIFINDER GOVERNMENT,0.00,0.00,USD,SciFinder Client,Keep-Me-Posted Weekly by Substructure,4
398844,iGroup Asia Pacific Ltd,201405,SFGSS370,Hsin-chu,,Chin,Gino,SCIFINDER GOVERNMENT,0.00,0.00,USD,SciFinder Web,Explore by Substructure,1
398844,iGroup Asia Pacific Ltd,201405,SFGSS370,Hsin-chu,,Chin,Gino,SCIFINDER GOVERNMENT,0.00,0.00,USD,SciFinder Web,Explore by Structure Similarity,8
398844,iGroup Asia Pacific Ltd,201405,SFGSS370,Hsin-chu,,Chin,Gino,SCIFINDER GOVERNMENT,0.00,0.00,USD,SciFinder Client,Keep-Me-Posted Weekly by Exact Structure,36
398844,iGroup Asia Pacific Ltd,201405,SFGSS370,Hsin-chu,,Chin,Gino,SCIFINDER GOVERNMENT,0.00,0.00,USD,SciFinder Client,Keep-Me-Posted Weekly by Substructure,16
398844,iGroup Asia Pacific Ltd,201405,SFGSS370,Hsin-chu,,Chin,Gino,SCIFINDER GOVERNMENT,0.00,0.00,USD,SciFinder Web,Explore by Research Topic Web,12
398844,iGroup Asia Pacific Ltd,201405,SFGSS370,Hsin-chu,,Chin,Gino,SCIFINDER GOVERNMENT,0.00,0.00,USD,SciFinder Web,Substances - Get Reactions Web,6
398844,iGroup Asia Pacific Ltd,201405,SFGSS385,Hsin-chu,,Yang,Wei-Ta,SCIFINDER GOVERNMENT,0.00,0.00,USD,SciFinder Client,Keep-Me-Posted Weekly by Exact Structure,8
398844,iGroup Asia Pacific Ltd,201405,SFGSS400,Hsin-chu,,Jenn-Tsang,Hwang,SCIFINDER GOVERNMENT,0.00,0.00,USD,SciFinder Web,Explore by Structures,1
398844,iGroup Asia Pacific Ltd,201405,SFGSS400,Hsin-chu,,Jenn-Tsang,Hwang,SCIFINDER GOVERNMENT,0.00,0.00,USD,SciFinder Web,Explore by Substructure,1
398844,iGroup Asia Pacific Ltd,201405,SFGSS400,Hsin-chu,,Jenn-Tsang,Hwang,SCIFINDER GOVERNMENT,0.00,0.00,USD,SciFinder Client,Keep-Me-Posted Weekly by Exact Structure,4
398844,iGroup Asia Pacific Ltd,201405,SFGSS400,Hsin-chu,,Jenn-Tsang,Hwang,SCIFINDER GOVERNMENT,0.00,0.00,USD,SciFinder Client,Keep-Me-Posted Weekly by Substructure,12
398844,iGroup Asia Pacific Ltd,201405,SFGSS400,Hsin-chu,,Jenn-Tsang,Hwang,SCIFINDER GOVERNMENT,0.00,0.00,USD,SciFinder Web,Reactions - Get Reactions Web,1
398844,iGroup Asia Pacific Ltd,201405,SFGSS400,Hsin-chu,,Jenn-Tsang,Hwang,SCIFINDER GOVERNMENT,0.00,0.00,USD,SciFinder Web,Substances - Get Reactions Web,3
398844,iGroup Asia Pacific Ltd,201405,SFGSS403,Hsin-chu,,Long,Yean-San,SCIFINDER GOVERNMENT,0.00,0.00,USD,SciFinder Client,Keep-Me-Posted Weekly by Exact Structure,4
398844,iGroup Asia Pacific Ltd,201405,SHEN980073,Hsin-chu,,Shen,Roi,SCIFINDER GOVERNMENT,0.00,0.00,USD,SciFinder Web,Explore by Research Topic Web,19
398844,iGroup Asia Pacific Ltd,201405,SU940466,Hsin-chu,,Su,Ting-Yao,SCIFINDER GOVERNMENT,0.00,0.00,USD,SciFinder Web,Explore by Research Topic Web,4
398844,iGroup Asia Pacific Ltd,201405,SU960257,Hsin-chu,,Su,Yu-Yang,SCIFINDER GOVERNMENT,0.00,0.00,USD,SciFinder Web,Explore by Substructure,1
398844,iGroup Asia Pacific Ltd,201405,SU960257,Hsin-chu,,Su,Yu-Yang,SCIFINDER GOVERNMENT,0.00,0.00,USD,SciFinder Web,Explore by Research Topic Web,2
398844,iGroup Asia Pacific Ltd,201405,TING990515,Hsin-chu,,Ting,Wen-Pin,SCIFINDER GOVERNMENT,0.00,0.00,USD,SciFinder Web,Explore by Research Topic Web,11
398844,iGroup Asia Pacific Ltd,201405,TSAI450946,Hsin-chu,,Tsai,i-Hsuan,SCIFINDER GOVERNMENT,0.00,0.00,USD,SciFinder Web,Explore by Structures,1
398844,iGroup Asia Pacific Ltd,201405,TSAI450946,Hsin-chu,,Tsai,i-Hsuan,SCIFINDER GOVERNMENT,0.00,0.00,USD,SciFinder Web,Explore Reactions,2
398844,iGroup Asia Pacific Ltd,201405,TSAI450946,Hsin-chu,,Tsai,i-Hsuan,SCIFINDER GOVERNMENT,0.00,0.00,USD,SciFinder Web,Explore by Substructure,2
398844,iGroup Asia Pacific Ltd,201405,TSAI450946,Hsin-chu,,Tsai,i-Hsuan,SCIFINDER GOVERNMENT,0.00,0.00,USD,SciFinder Web,Explore by Research Topic Web,7
398844,iGroup Asia Pacific Ltd,201405,TSAI529716,Hsin-chu,,Tsai,Chao-Ho,SCIFINDER GOVERNMENT,0.00,0.00,USD,SciFinder Web,Explore by Research Topic Web,2
398844,iGroup Asia Pacific Ltd,201405,TSAI740212,Hsin-chu,,Tsai,Frank,SCIFINDER GOVERNMENT,0.00,0.00,USD,SciFinder Web,Explore by Research Topic Web,1
398844,iGroup Asia Pacific Ltd,201405,TSAIA00482,Hsin-chu,,Tsai,Ting-Yu,SCIFINDER GOVERNMENT,0.00,0.00,USD,SciFinder Web,Explore by Structures,3
398844,iGroup Asia Pacific Ltd,201405,TSAIA00482,Hsin-chu,,Tsai,Ting-Yu,SCIFINDER GOVERNMENT,0.00,0.00,USD,SciFinder Web,Explore Reactions,10
398844,iGroup Asia Pacific Ltd,201405,TSAIA00482,Hsin-chu,,Tsai,Ting-Yu,SCIFINDER GOVERNMENT,0.00,0.00,USD,SciFinder Web,Explore by Substructure,6
398844,iGroup Asia Pacific Ltd,201405,TSAIA00482,Hsin-chu,,Tsai,Ting-Yu,SCIFINDER GOVERNMENT,0.00,0.00,USD,SciFinder Web,Get Additional Reactions,2
398844,iGroup Asia Pacific Ltd,201405,TSAIA00482,Hsin-chu,,Tsai,Ting-Yu,SCIFINDER GOVERNMENT,0.00,0.00,USD,SciFinder Web,References - Get Reactions Web,2
398844,iGroup Asia Pacific Ltd,201405,TSAIA00482,Hsin-chu,,Tsai,Ting-Yu,SCIFINDER GOVERNMENT,0.00,0.00,USD,SciFinder Web,Substances - Get Reactions Web,1
398844,iGroup Asia Pacific Ltd,201405,TSAIA20042,Hsin-chu,,Tsai,Cheng-Hsiu,SCIFINDER GOVERNMENT,0.00,0.00,USD,SciFinder Web,Explore by Research Topic Web,9
398844,iGroup Asia Pacific Ltd,201405,WANG930499,Hsin-chu,,Wang,Wen-Hsien,SCIFINDER GOVERNMENT,0.00,0.00,USD,SciFinder Web,Explore by Research Topic Web,2
398844,iGroup Asia Pacific Ltd,201405,WANG970550,Hsin-chu,,Wang,Kuo-Chang,SCIFINDER GOVERNMENT,0.00,0.00,USD,SciFinder Web,Explore by Structures,1
398844,iGroup Asia Pacific Ltd,201405,WANG970550,Hsin-chu,,Wang,Kuo-Chang,SCIFINDER GOVERNMENT,0.00,0.00,USD,SciFinder Web,Explore Reactions,13
398844,iGroup Asia Pacific Ltd,201405,WANG970550,Hsin-chu,,Wang,Kuo-Chang,SCIFINDER GOVERNMENT,0.00,0.00,USD,SciFinder Web,Explore by Structure Similarity,1
398844,iGroup Asia Pacific Ltd,201405,WANG970550,Hsin-chu,,Wang,Kuo-Chang,SCIFINDER GOVERNMENT,0.00,0.00,USD,SciFinder Web,Substances - Get Reactions Web,1
398844,iGroup Asia Pacific Ltd,201405,WANGA00177,Hsin-chu,,Wang,Yi-Rong,SCIFINDER GOVERNMENT,0.00,0.00,USD,SciFinder Web,Explore by Substructure,1
398844,iGroup Asia Pacific Ltd,201405,WANGA00177,Hsin-chu,,Wang,Yi-Rong,SCIFINDER GOVERNMENT,0.00,0.00,USD,SciFinder Web,Explore by Research Topic Web,33
398844,iGroup Asia Pacific Ltd,201405,WEN920454,Hsin-chu,,Wen,Yen-Fang,SCIFINDER GOVERNMENT,0.00,0.00,USD,SciFinder Web,Explore Reactions,2
398844,iGroup Asia Pacific Ltd,201405,WEN920454,Hsin-chu,,Wen,Yen-Fang,SCIFINDER GOVERNMENT,0.00,0.00,USD,SciFinder Web,Closed Reaction Search,1
398844,iGroup Asia Pacific Ltd,201405,WU409775,Hsin-chu,,Wu,Shiau-Mei,SCIFINDER GOVERNMENT,0.00,0.00,USD,SciFinder Web,Explore by Molecular Formula,1
398844,iGroup Asia Pacific Ltd,201405,WU409775,Hsin-chu,,Wu,Shiau-Mei,SCIFINDER GOVERNMENT,0.00,0.00,USD,SciFinder Web,Explore by Research Topic Web,2
398844,iGroup Asia Pacific Ltd,201405,WU409775,Hsin-chu,,Wu,Shiau-Mei,SCIFINDER GOVERNMENT,0.00,0.00,USD,SciFinder Web,References - Get Substances Web,2
398844,iGroup Asia Pacific Ltd,201405,WU880175,Hsin-chu,,Wu,Cheng-Tao,SCIFINDER GOVERNMENT,0.00,0.00,USD,SciFinder Web,Index Term Search,2
398844,iGroup Asia Pacific Ltd,201405,WU880175,Hsin-chu,,Wu,Cheng-Tao,SCIFINDER GOVERNMENT,0.00,0.00,USD,SciFinder Web,Explore by Research Topic Web,32
398844,iGroup Asia Pacific Ltd,201405,WU880175,Hsin-chu,,Wu,Cheng-Tao,SCIFINDER GOVERNMENT,0.00,0.00,USD,SciFinder Web,Explore by Document ID Web,21
398844,iGroup Asia Pacific Ltd,201405,WU900348,Hsin-chu,,Wu,Hsin-Chieh,SCIFINDER GOVERNMENT,0.00,0.00,USD,SciFinder Web,Explore by Research Topic Web,16
398844,iGroup Asia Pacific Ltd,201405,WU900348,Hsin-chu,,Wu,Hsin-Chieh,SCIFINDER GOVERNMENT,0.00,0.00,USD,SciFinder Web,References - Get Substances Web,3
398844,iGroup Asia Pacific Ltd,201405,WUA10430,Hsin-chu,,Wu,Cheng-An,SCIFINDER GOVERNMENT,0.00,0.00,USD,SciFinder Web,Explore by Research Topic Web,5
398844,iGroup Asia Pacific Ltd,201405,YEH940398,Hsin-chu,,Yeh,Kuo-Liang,SCIFINDER GOVERNMENT,0.00,0.00,USD,SciFinder Web,Closed Reaction Search,3
