BILL-TO NUMBER,BILL-TO NAME,PERIOD,LOGINID,CITY,COST CENTER,USER NAME,USER FIRST NAME,USAGE TYPE,GROSS CHARGES,ADJUSTED CHARGES,CURRENCY,SCIFINDER PLATFORM,USAGE DESCRIPTION,USAGE QUANTITY
398844,iGroup Asia Pacific Ltd,201411,CHANG950524,Hsin-chu,,Chang,Fang-Ching,SCIFINDER GOVERNMENT,0.00,0.00,USD,SciFinder Web,Explore by Author Name Web,2
398844,iGroup Asia Pacific Ltd,201411,CHANG950524,Hsin-chu,,Chang,Fang-Ching,SCIFINDER GOVERNMENT,0.00,0.00,USD,SciFinder Web,Explore by Research Topic Web,5
398844,iGroup Asia Pacific Ltd,201411,CHANGA10361,Hsin-chu,,Chang,Cha-Wen,SCIFINDER GOVERNMENT,0.00,0.00,USD,SciFinder Web,Closed Reaction Search,9
398844,iGroup Asia Pacific Ltd,201411,CHANGA10361,Hsin-chu,,Chang,Cha-Wen,SCIFINDER GOVERNMENT,0.00,0.00,USD,SciFinder Web,Explore by Author Name Web,1
398844,iGroup Asia Pacific Ltd,201411,CHANGA10361,Hsin-chu,,Chang,Cha-Wen,SCIFINDER GOVERNMENT,0.00,0.00,USD,SciFinder Web,Explore by Research Topic Web,11
398844,iGroup Asia Pacific Ltd,201411,CHANGA10361,Hsin-chu,,Chang,Cha-Wen,SCIFINDER GOVERNMENT,0.00,0.00,USD,SciFinder Web,Reactions - Get Reactions Web,14
398844,iGroup Asia Pacific Ltd,201411,CHEN532218,Hsin-chu,,Chen,Yu-Ching,SCIFINDER GOVERNMENT,0.00,0.00,USD,SciFinder Web,Explore by Substructure,1
398844,iGroup Asia Pacific Ltd,201411,CHEN532218,Hsin-chu,,Chen,Yu-Ching,SCIFINDER GOVERNMENT,0.00,0.00,USD,SciFinder Web,Explore by Structure Similarity,4
398844,iGroup Asia Pacific Ltd,201411,CHEN532218,Hsin-chu,,Chen,Yu-Ching,SCIFINDER GOVERNMENT,0.00,0.00,USD,SciFinder Web,Explore by Research Topic Web,8
398844,iGroup Asia Pacific Ltd,201411,CHEN940193,Hsin-chu,,Chen,Yen-zhi,SCIFINDER GOVERNMENT,0.00,0.00,USD,SciFinder Web,Explore by Research Topic Web,2
398844,iGroup Asia Pacific Ltd,201411,CHEN950296,Hsin-chu,,Chen,Yu-Ting,SCIFINDER GOVERNMENT,0.00,0.00,USD,SciFinder Web,Explore Reactions,7
398844,iGroup Asia Pacific Ltd,201411,CHEN950296,Hsin-chu,,Chen,Yu-Ting,SCIFINDER GOVERNMENT,0.00,0.00,USD,SciFinder Web,Closed Reaction Search,1
398844,iGroup Asia Pacific Ltd,201411,CHENG950330,Hsin-chu,,Cheng,chien hsien,SCIFINDER GOVERNMENT,0.00,0.00,USD,SciFinder Web,Explore by Substructure,4
398844,iGroup Asia Pacific Ltd,201411,HKPENG,Hsin-chu,,Peng,HuangKai,SCIFINDER GOVERNMENT,0.00,0.00,USD,SciFinder Web,Explore by Structures,1
398844,iGroup Asia Pacific Ltd,201411,HKPENG,Hsin-chu,,Peng,HuangKai,SCIFINDER GOVERNMENT,0.00,0.00,USD,SciFinder Web,Explore by Molecular Formula,1
398844,iGroup Asia Pacific Ltd,201411,HKPENG,Hsin-chu,,Peng,HuangKai,SCIFINDER GOVERNMENT,0.00,0.00,USD,SciFinder Web,Explore by Research Topic Web,7
398844,iGroup Asia Pacific Ltd,201411,HKPENG,Hsin-chu,,Peng,HuangKai,SCIFINDER GOVERNMENT,0.00,0.00,USD,SciFinder Web,References - Get Substances Web,1
398844,iGroup Asia Pacific Ltd,201411,HSIEH980198,Hsin-chu,,Hsieh,Cheng-Han,SCIFINDER GOVERNMENT,0.00,0.00,USD,SciFinder Web,Explore Reactions,10
398844,iGroup Asia Pacific Ltd,201411,HUANG408201,Hsin-chu,,Huang,Cheng-Jyun,SCIFINDER GOVERNMENT,0.00,0.00,USD,SciFinder Web,Closed Reaction Search,1
398844,iGroup Asia Pacific Ltd,201411,HUANG950654,Hsin-chu,,Huang,Kumg-Hsun,SCIFINDER GOVERNMENT,0.00,0.00,USD,SciFinder Web,Explore by Author Name Web,2
398844,iGroup Asia Pacific Ltd,201411,HUANG950654,Hsin-chu,,Huang,Kumg-Hsun,SCIFINDER GOVERNMENT,0.00,0.00,USD,SciFinder Web,Explore by Research Topic Web,22
398844,iGroup Asia Pacific Ltd,201411,HUNG850169,Hsin-chu,,Hung,Chi-Y,SCIFINDER GOVERNMENT,0.00,0.00,USD,SciFinder Web,Explore Reactions,3
398844,iGroup Asia Pacific Ltd,201411,KUAN527281,Hsin-chu,,Kuan,Chi En,SCIFINDER GOVERNMENT,0.00,0.00,USD,SciFinder Web,Explore by Author Name Web,1
398844,iGroup Asia Pacific Ltd,201411,KUAN527281,Hsin-chu,,Kuan,Chi En,SCIFINDER GOVERNMENT,0.00,0.00,USD,SciFinder Web,Explore by Research Topic Web,4
398844,iGroup Asia Pacific Ltd,201411,LEE900001,Hsin-chu,,Lee,On,SCIFINDER GOVERNMENT,0.00,0.00,USD,SciFinder Web,Explore by Substructure,1
398844,iGroup Asia Pacific Ltd,201411,LIA20313,Hsin-chu,,Li,Jheng-Sian,SCIFINDER GOVERNMENT,0.00,0.00,USD,SciFinder Web,Explore by Research Topic Web,2
398844,iGroup Asia Pacific Ltd,201411,LIAWA00356,Hsin-chu,,Liaw,Chao-Wu,SCIFINDER GOVERNMENT,0.00,0.00,USD,SciFinder Web,Explore by Substructure,2
398844,iGroup Asia Pacific Ltd,201411,LIN950048,Hsin-chu,,Lin,Sheng Lin,SCIFINDER GOVERNMENT,0.00,0.00,USD,SciFinder Web,Explore Reactions,3
398844,iGroup Asia Pacific Ltd,201411,LIN950048,Hsin-chu,,Lin,Sheng Lin,SCIFINDER GOVERNMENT,0.00,0.00,USD,SciFinder Web,Explore by Substructure,3
398844,iGroup Asia Pacific Ltd,201411,LIN950048,Hsin-chu,,Lin,Sheng Lin,SCIFINDER GOVERNMENT,0.00,0.00,USD,SciFinder Web,Explore by Structure Similarity,1
398844,iGroup Asia Pacific Ltd,201411,LIN950048,Hsin-chu,,Lin,Sheng Lin,SCIFINDER GOVERNMENT,0.00,0.00,USD,SciFinder Web,Substances - Get Reactions Web,1
398844,iGroup Asia Pacific Ltd,201411,LIN980196,Hsin-chu,,Lin,Jian-Wen,SCIFINDER GOVERNMENT,0.00,0.00,USD,SciFinder Web,Explore by Structures,3
398844,iGroup Asia Pacific Ltd,201411,LIN980196,Hsin-chu,,Lin,Jian-Wen,SCIFINDER GOVERNMENT,0.00,0.00,USD,SciFinder Web,Explore Reactions,4
398844,iGroup Asia Pacific Ltd,201411,LO850446,Hsin-chu,,Lo,Chao-Chun,SCIFINDER GOVERNMENT,0.00,0.00,USD,SciFinder Web,Keep-Me-Posted Weekly Web,20
398844,iGroup Asia Pacific Ltd,201411,LU960583,Hsin-chu,,Lu,Yi-Huang,SCIFINDER GOVERNMENT,0.00,0.00,USD,SciFinder Web,Explore by Research Topic Web,41
398844,iGroup Asia Pacific Ltd,201411,OU910517,Hsin-chu,,Ou,Chun Yao,SCIFINDER GOVERNMENT,0.00,0.00,USD,SciFinder Web,Locate by Substance ID,5
398844,iGroup Asia Pacific Ltd,201411,OU910517,Hsin-chu,,Ou,Chun Yao,SCIFINDER GOVERNMENT,0.00,0.00,USD,SciFinder Web,Explore by Research Topic Web,6
398844,iGroup Asia Pacific Ltd,201411,OU910517,Hsin-chu,,Ou,Chun Yao,SCIFINDER GOVERNMENT,0.00,0.00,USD,SciFinder Web,Explore by Substance Property,1
398844,iGroup Asia Pacific Ltd,201411,SFGSS354,Hsin-chu,,Lin,Yung-Chan,SCIFINDER GOVERNMENT,0.00,0.00,USD,SciFinder Web,Closed Reaction Search,18
398844,iGroup Asia Pacific Ltd,201411,SFGSS354,Hsin-chu,,Lin,Yung-Chan,SCIFINDER GOVERNMENT,0.00,0.00,USD,SciFinder Web,Reactions - Get Reactions Web,12
398844,iGroup Asia Pacific Ltd,201411,SFGSS357,Hsin-chu,,Chen,Claire,SCIFINDER GOVERNMENT,0.00,0.00,USD,SciFinder Client,Keep-Me-Posted Weekly,2
398844,iGroup Asia Pacific Ltd,201411,SFGSS357,Hsin-chu,,Chen,Claire,SCIFINDER GOVERNMENT,0.00,0.00,USD,SciFinder Web,Locate by Substance ID,19
398844,iGroup Asia Pacific Ltd,201411,SFGSS357,Hsin-chu,,Chen,Claire,SCIFINDER GOVERNMENT,0.00,0.00,USD,SciFinder Web,Explore by Research Topic Web,1
398844,iGroup Asia Pacific Ltd,201411,SFGSS366,Hsin-chu,,Lee,Lain-Tze,SCIFINDER GOVERNMENT,0.00,0.00,USD,SciFinder Web,Explore Reactions,3
398844,iGroup Asia Pacific Ltd,201411,SFGSS366,Hsin-chu,,Lee,Lain-Tze,SCIFINDER GOVERNMENT,0.00,0.00,USD,SciFinder Web,Explore by Structure Similarity,4
398844,iGroup Asia Pacific Ltd,201411,SFGSS370,Hsin-chu,,Chin,Gino,SCIFINDER GOVERNMENT,0.00,0.00,USD,SciFinder Web,Explore Reactions,1
398844,iGroup Asia Pacific Ltd,201411,SFGSS370,Hsin-chu,,Chin,Gino,SCIFINDER GOVERNMENT,0.00,0.00,USD,SciFinder Web,Explore by Substructure,2
398844,iGroup Asia Pacific Ltd,201411,SFGSS370,Hsin-chu,,Chin,Gino,SCIFINDER GOVERNMENT,0.00,0.00,USD,SciFinder Web,Explore by Structure Similarity,1
398844,iGroup Asia Pacific Ltd,201411,SFGSS370,Hsin-chu,,Chin,Gino,SCIFINDER GOVERNMENT,0.00,0.00,USD,SciFinder Web,Explore by Research Topic Web,5
398844,iGroup Asia Pacific Ltd,201411,SFGSS370,Hsin-chu,,Chin,Gino,SCIFINDER GOVERNMENT,0.00,0.00,USD,SciFinder Web,Explore by Company Name Web,1
398844,iGroup Asia Pacific Ltd,201411,SFGSS370,Hsin-chu,,Chin,Gino,SCIFINDER GOVERNMENT,0.00,0.00,USD,SciFinder Web,Substances - Get Reactions Web,2
398844,iGroup Asia Pacific Ltd,201411,SHEN980073,Hsin-chu,,Shen,Roi,SCIFINDER GOVERNMENT,0.00,0.00,USD,SciFinder Web,Explore by Research Topic Web,1
398844,iGroup Asia Pacific Ltd,201411,SHEN980073,Hsin-chu,,Shen,Roi,SCIFINDER GOVERNMENT,0.00,0.00,USD,SciFinder Web,Explore by Patent Web,1
398844,iGroup Asia Pacific Ltd,201411,SHIH530861,Hsin-chu,,Shih,Che-Hao,SCIFINDER GOVERNMENT,0.00,0.00,USD,SciFinder Web,Explore by Research Topic Web,5
398844,iGroup Asia Pacific Ltd,201411,TSAIA00482,Hsin-chu,,Tsai,Ting-Yu,SCIFINDER GOVERNMENT,0.00,0.00,USD,SciFinder Web,Explore by Structures,1
398844,iGroup Asia Pacific Ltd,201411,TSAIA00482,Hsin-chu,,Tsai,Ting-Yu,SCIFINDER GOVERNMENT,0.00,0.00,USD,SciFinder Web,Explore by Substructure,10
398844,iGroup Asia Pacific Ltd,201411,TSAIA00482,Hsin-chu,,Tsai,Ting-Yu,SCIFINDER GOVERNMENT,0.00,0.00,USD,SciFinder Web,Locate by Substance ID,62
398844,iGroup Asia Pacific Ltd,201411,TSAIA00482,Hsin-chu,,Tsai,Ting-Yu,SCIFINDER GOVERNMENT,0.00,0.00,USD,SciFinder Web,Explore by Document ID Web,1
398844,iGroup Asia Pacific Ltd,201411,TSAIA00482,Hsin-chu,,Tsai,Ting-Yu,SCIFINDER GOVERNMENT,0.00,0.00,USD,SciFinder Web,References - Get Substances Web,1
398844,iGroup Asia Pacific Ltd,201411,TSAIA00482,Hsin-chu,,Tsai,Ting-Yu,SCIFINDER GOVERNMENT,0.00,0.00,USD,SciFinder Web,Substances - Get Reactions Web,42
398844,iGroup Asia Pacific Ltd,201411,TSENGA00454,Hsin-chu,,Tseng,Chih-Hao Tseng,SCIFINDER GOVERNMENT,0.00,0.00,USD,SciFinder Web,Explore by Structures,1
398844,iGroup Asia Pacific Ltd,201411,TSENGA00454,Hsin-chu,,Tseng,Chih-Hao Tseng,SCIFINDER GOVERNMENT,0.00,0.00,USD,SciFinder Web,Explore Reactions,3
398844,iGroup Asia Pacific Ltd,201411,WANG970550,Hsin-chu,,Wang,Kuo-Chang,SCIFINDER GOVERNMENT,0.00,0.00,USD,SciFinder Web,Explore Reactions,1
398844,iGroup Asia Pacific Ltd,201411,WANG970550,Hsin-chu,,Wang,Kuo-Chang,SCIFINDER GOVERNMENT,0.00,0.00,USD,SciFinder Web,Explore by Substructure,59
398844,iGroup Asia Pacific Ltd,201411,WANG970550,Hsin-chu,,Wang,Kuo-Chang,SCIFINDER GOVERNMENT,0.00,0.00,USD,SciFinder Web,Explore by Structure Similarity,2
398844,iGroup Asia Pacific Ltd,201411,WANGA00177,Hsin-chu,,Wang,Yi-Rong,SCIFINDER GOVERNMENT,0.00,0.00,USD,SciFinder Web,Explore by Structures,8
398844,iGroup Asia Pacific Ltd,201411,WANGA00177,Hsin-chu,,Wang,Yi-Rong,SCIFINDER GOVERNMENT,0.00,0.00,USD,SciFinder Web,Explore by Substructure,8
398844,iGroup Asia Pacific Ltd,201411,WANGA00177,Hsin-chu,,Wang,Yi-Rong,SCIFINDER GOVERNMENT,0.00,0.00,USD,SciFinder Web,Explore by Structure Similarity,1
398844,iGroup Asia Pacific Ltd,201411,WANGA00177,Hsin-chu,,Wang,Yi-Rong,SCIFINDER GOVERNMENT,0.00,0.00,USD,SciFinder Web,Explore by Author Name Web,1
398844,iGroup Asia Pacific Ltd,201411,WANGA00177,Hsin-chu,,Wang,Yi-Rong,SCIFINDER GOVERNMENT,0.00,0.00,USD,SciFinder Web,Explore by Research Topic Web,13
398844,iGroup Asia Pacific Ltd,201411,WANGA30186,Hsin-chu,,Wang,Chiu-Tung,SCIFINDER GOVERNMENT,0.00,0.00,USD,SciFinder Web,Explore Reactions,2
398844,iGroup Asia Pacific Ltd,201411,WANGA30186,Hsin-chu,,Wang,Chiu-Tung,SCIFINDER GOVERNMENT,0.00,0.00,USD,SciFinder Web,Explore by Substructure,1
398844,iGroup Asia Pacific Ltd,201411,WANGA30186,Hsin-chu,,Wang,Chiu-Tung,SCIFINDER GOVERNMENT,0.00,0.00,USD,SciFinder Web,Substances - Get Reactions Web,1
398844,iGroup Asia Pacific Ltd,201411,WU880711,Hsin-chu,,Wu,Chang-Hung,SCIFINDER GOVERNMENT,0.00,0.00,USD,SciFinder Web,Explore Reactions,2
398844,iGroup Asia Pacific Ltd,201411,WU880711,Hsin-chu,,Wu,Chang-Hung,SCIFINDER GOVERNMENT,0.00,0.00,USD,SciFinder Web,Explore by Substructure,4
398844,iGroup Asia Pacific Ltd,201411,WU880711,Hsin-chu,,Wu,Chang-Hung,SCIFINDER GOVERNMENT,0.00,0.00,USD,SciFinder Web,Explore by Research Topic Web,1
398844,iGroup Asia Pacific Ltd,201411,WU900348,Hsin-chu,,Wu,Hsin-Chieh,SCIFINDER GOVERNMENT,0.00,0.00,USD,SciFinder Web,Explore by Research Topic Web,3
398844,iGroup Asia Pacific Ltd,201411,WUA10430,Hsin-chu,,Wu,Cheng-An,SCIFINDER GOVERNMENT,0.00,0.00,USD,SciFinder Web,Explore by Substructure,1
398844,iGroup Asia Pacific Ltd,201411,WUA30216,Hsin-chu,,Wu,ying-yann,SCIFINDER GOVERNMENT,0.00,0.00,USD,SciFinder Web,Explore by Structures,1
398844,iGroup Asia Pacific Ltd,201411,WUA30216,Hsin-chu,,Wu,ying-yann,SCIFINDER GOVERNMENT,0.00,0.00,USD,SciFinder Web,Explore by Substructure,2
398844,iGroup Asia Pacific Ltd,201411,YANGA20202,Hsin-chu,,Yang,Hui-Yun,SCIFINDER GOVERNMENT,0.00,0.00,USD,SciFinder Web,Explore by Structures,3
398844,iGroup Asia Pacific Ltd,201411,YANGA20202,Hsin-chu,,Yang,Hui-Yun,SCIFINDER GOVERNMENT,0.00,0.00,USD,SciFinder Web,Explore Reactions,8
398844,iGroup Asia Pacific Ltd,201411,YANGA20202,Hsin-chu,,Yang,Hui-Yun,SCIFINDER GOVERNMENT,0.00,0.00,USD,SciFinder Web,Explore by Substructure,10
398844,iGroup Asia Pacific Ltd,201411,YANGA20202,Hsin-chu,,Yang,Hui-Yun,SCIFINDER GOVERNMENT,0.00,0.00,USD,SciFinder Web,Explore by Research Topic Web,19
