BILL-TO NUMBER,BILL-TO NAME,PERIOD,LOGINID,CITY,COST CENTER,USER NAME,USER FIRST NAME,USAGE TYPE,GROSS CHARGES,ADJUSTED CHARGES,CURRENCY,SCIFINDER PLATFORM,USAGE DESCRIPTION,USAGE QUANTITY
398844,iGroup Asia Pacific Ltd,201412,SCISN1275,Hsin-chu,,Lee,Carol,SINGLE ACTIVITY,52.75,0.00,USD,SciFinder Web,Explore by Research Topic Web,1
398844,iGroup Asia Pacific Ltd,201412,CHANG950524,Hsin-chu,,Chang,Fang-Ching,SCIFINDER ENTERPRISE,0.00,0.00,USD,SciFinder Web,Explore by Research Topic Web,4
398844,iGroup Asia Pacific Ltd,201412,CHANGA10361,Hsin-chu,,Chang,Cha-Wen,SCIFINDER ENTERPRISE,0.00,0.00,USD,SciFinder Web,Explore by Research Topic Web,14
398844,iGroup Asia Pacific Ltd,201412,CHEN532218,Hsin-chu,,Chen,Yu-Ching,SCIFINDER ENTERPRISE,0.00,0.00,USD,SciFinder Web,Explore Reactions,2
398844,iGroup Asia Pacific Ltd,201412,CHEN532218,Hsin-chu,,Chen,Yu-Ching,SCIFINDER ENTERPRISE,0.00,0.00,USD,SciFinder Web,Explore by Research Topic Web,4
398844,iGroup Asia Pacific Ltd,201412,CHEN750103,Hsin-chu,,Chen,Chih-Hung,SCIFINDER ENTERPRISE,0.00,0.00,USD,SciFinder Web,Explore by Structures,3
398844,iGroup Asia Pacific Ltd,201412,CHEN750103,Hsin-chu,,Chen,Chih-Hung,SCIFINDER ENTERPRISE,0.00,0.00,USD,SciFinder Web,Explore by Structure Similarity,4
398844,iGroup Asia Pacific Ltd,201412,CHEN750103,Hsin-chu,,Chen,Chih-Hung,SCIFINDER ENTERPRISE,0.00,0.00,USD,SciFinder Web,Substances - Get Reactions Web,4
398844,iGroup Asia Pacific Ltd,201412,CHEN940193,Hsin-chu,,Chen,Yen-zhi,SCIFINDER ENTERPRISE,0.00,0.00,USD,SciFinder Web,Explore by Research Topic Web,4
398844,iGroup Asia Pacific Ltd,201412,CHEN950296,Hsin-chu,,Chen,Yu-Ting,SCIFINDER ENTERPRISE,0.00,0.00,USD,SciFinder Web,Explore Reactions,8
398844,iGroup Asia Pacific Ltd,201412,CHEN950296,Hsin-chu,,Chen,Yu-Ting,SCIFINDER ENTERPRISE,0.00,0.00,USD,SciFinder Web,Closed Reaction Search,4
398844,iGroup Asia Pacific Ltd,201412,CHEN950296,Hsin-chu,,Chen,Yu-Ting,SCIFINDER ENTERPRISE,0.00,0.00,USD,SciFinder Web,Explore by Author Name Web,1
398844,iGroup Asia Pacific Ltd,201412,CHENA20117,Hsin-chu,,Chen,Po-Ju,SCIFINDER ENTERPRISE,0.00,0.00,USD,SciFinder Web,Explore by Structures,3
398844,iGroup Asia Pacific Ltd,201412,CHENA20117,Hsin-chu,,Chen,Po-Ju,SCIFINDER ENTERPRISE,0.00,0.00,USD,SciFinder Web,Explore Reactions,2
398844,iGroup Asia Pacific Ltd,201412,CHENA20117,Hsin-chu,,Chen,Po-Ju,SCIFINDER ENTERPRISE,0.00,0.00,USD,SciFinder Web,Explore by Substructure,5
398844,iGroup Asia Pacific Ltd,201412,CHENA20117,Hsin-chu,,Chen,Po-Ju,SCIFINDER ENTERPRISE,0.00,0.00,USD,SciFinder Web,Closed Reaction Search,1
398844,iGroup Asia Pacific Ltd,201412,CHENA20117,Hsin-chu,,Chen,Po-Ju,SCIFINDER ENTERPRISE,0.00,0.00,USD,SciFinder Web,Explore by Structure Similarity,1
398844,iGroup Asia Pacific Ltd,201412,CHIU990358,Hsin-chu,,Chiu,Jen-Chun,SCIFINDER ENTERPRISE,0.00,0.00,USD,SciFinder Web,Explore Reactions,1
398844,iGroup Asia Pacific Ltd,201412,CHIU990358,Hsin-chu,,Chiu,Jen-Chun,SCIFINDER ENTERPRISE,0.00,0.00,USD,SciFinder Web,Explore by Substructure,1
398844,iGroup Asia Pacific Ltd,201412,HKPENG,Hsin-chu,,Peng,HuangKai,SCIFINDER ENTERPRISE,0.00,0.00,USD,SciFinder Web,Explore by Research Topic Web,3
398844,iGroup Asia Pacific Ltd,201412,HSIEH980198,Hsin-chu,,Hsieh,Cheng-Han,SCIFINDER ENTERPRISE,0.00,0.00,USD,SciFinder Web,Explore Reactions,4
398844,iGroup Asia Pacific Ltd,201412,HUA30343,Hsin-chu,,Hu,Jie-Bi,SCIFINDER ENTERPRISE,0.00,0.00,USD,SciFinder Web,Explore by Research Topic Web,5
398844,iGroup Asia Pacific Ltd,201412,HUANG450296,Hsin-chu,,Huang,Li-Ting,SCIFINDER ENTERPRISE,0.00,0.00,USD,SciFinder Web,Explore by Structures,6
398844,iGroup Asia Pacific Ltd,201412,HUANG450296,Hsin-chu,,Huang,Li-Ting,SCIFINDER ENTERPRISE,0.00,0.00,USD,SciFinder Web,Explore by Substructure,12
398844,iGroup Asia Pacific Ltd,201412,HUANG450296,Hsin-chu,,Huang,Li-Ting,SCIFINDER ENTERPRISE,0.00,0.00,USD,SciFinder Web,Explore by Research Topic Web,2
398844,iGroup Asia Pacific Ltd,201412,HUANG950654,Hsin-chu,,Huang,Kumg-Hsun,SCIFINDER ENTERPRISE,0.00,0.00,USD,SciFinder Web,Explore by Research Topic Web,3
398844,iGroup Asia Pacific Ltd,201412,HUANG950654,Hsin-chu,,Huang,Kumg-Hsun,SCIFINDER ENTERPRISE,0.00,0.00,USD,SciFinder Web,References - Get Substances Web,2
398844,iGroup Asia Pacific Ltd,201412,HUANG950654,Hsin-chu,,Huang,Kumg-Hsun,SCIFINDER ENTERPRISE,0.00,0.00,USD,SciFinder Web,Substances - Get Reactions Web,1
398844,iGroup Asia Pacific Ltd,201412,HUANGA20336,Hsin-chu,,Huang,Li-Te,SCIFINDER ENTERPRISE,0.00,0.00,USD,SciFinder Web,Explore by Research Topic Web,1
398844,iGroup Asia Pacific Ltd,201412,KUAN527281,Hsin-chu,,Kuan,Chi En,SCIFINDER ENTERPRISE,0.00,0.00,USD,SciFinder Web,Explore by Research Topic Web,2
398844,iGroup Asia Pacific Ltd,201412,LEE900001,Hsin-chu,,Lee,On,SCIFINDER ENTERPRISE,0.00,0.00,USD,SciFinder Web,Explore by Structures,7
398844,iGroup Asia Pacific Ltd,201412,LEE900001,Hsin-chu,,Lee,On,SCIFINDER ENTERPRISE,0.00,0.00,USD,SciFinder Web,Substances - Get Reactions Web,6
398844,iGroup Asia Pacific Ltd,201412,LIA20313,Hsin-chu,,Li,Jheng-Sian,SCIFINDER ENTERPRISE,0.00,0.00,USD,SciFinder Web,Explore by Structures,3
398844,iGroup Asia Pacific Ltd,201412,LIAO980104,Hsin-chu,,Liao,Chun-Hsiung,SCIFINDER ENTERPRISE,0.00,0.00,USD,SciFinder Web,Explore by Research Topic Web,1
398844,iGroup Asia Pacific Ltd,201412,LIAWA00356,Hsin-chu,,Liaw,Chao-Wu,SCIFINDER ENTERPRISE,0.00,0.00,USD,SciFinder Web,Explore by Structures,1
398844,iGroup Asia Pacific Ltd,201412,LIAWA00356,Hsin-chu,,Liaw,Chao-Wu,SCIFINDER ENTERPRISE,0.00,0.00,USD,SciFinder Web,Explore by Substructure,1
398844,iGroup Asia Pacific Ltd,201412,LIN870786,Hsin-chu,,Lin,Mei-Ru,SCIFINDER ENTERPRISE,0.00,0.00,USD,SciFinder Web,Explore by Substructure,2
398844,iGroup Asia Pacific Ltd,201412,LIN870786,Hsin-chu,,Lin,Mei-Ru,SCIFINDER ENTERPRISE,0.00,0.00,USD,SciFinder Web,Closed Reaction Search,1
398844,iGroup Asia Pacific Ltd,201412,LIN870786,Hsin-chu,,Lin,Mei-Ru,SCIFINDER ENTERPRISE,0.00,0.00,USD,SciFinder Web,Locate by Substance ID,3
398844,iGroup Asia Pacific Ltd,201412,LIN870786,Hsin-chu,,Lin,Mei-Ru,SCIFINDER ENTERPRISE,0.00,0.00,USD,SciFinder Web,Explore by Research Topic Web,3
398844,iGroup Asia Pacific Ltd,201412,LIN870786,Hsin-chu,,Lin,Mei-Ru,SCIFINDER ENTERPRISE,0.00,0.00,USD,SciFinder Web,References - Get Reactions Web,4
398844,iGroup Asia Pacific Ltd,201412,LIN870786,Hsin-chu,,Lin,Mei-Ru,SCIFINDER ENTERPRISE,0.00,0.00,USD,SciFinder Web,Substances - Get Reactions Web,1
398844,iGroup Asia Pacific Ltd,201412,LIN980196,Hsin-chu,,Lin,Jian-Wen,SCIFINDER ENTERPRISE,0.00,0.00,USD,SciFinder Web,Explore by Structures,1
398844,iGroup Asia Pacific Ltd,201412,LIN980196,Hsin-chu,,Lin,Jian-Wen,SCIFINDER ENTERPRISE,0.00,0.00,USD,SciFinder Web,Explore Reactions,15
398844,iGroup Asia Pacific Ltd,201412,LIN980196,Hsin-chu,,Lin,Jian-Wen,SCIFINDER ENTERPRISE,0.00,0.00,USD,SciFinder Web,Explore by Substructure,15
398844,iGroup Asia Pacific Ltd,201412,LINA10270,Hsin-chu,,Lin,Wang-Chung,SCIFINDER ENTERPRISE,0.00,0.00,USD,SciFinder Web,Explore Reactions,1
398844,iGroup Asia Pacific Ltd,201412,LINA10270,Hsin-chu,,Lin,Wang-Chung,SCIFINDER ENTERPRISE,0.00,0.00,USD,SciFinder Web,Explore by Substructure,1
398844,iGroup Asia Pacific Ltd,201412,LIUA00114,Hsin-chu,,Liu,Chia-Erh,SCIFINDER ENTERPRISE,0.00,0.00,USD,SciFinder Web,Explore by Research Topic Web,8
398844,iGroup Asia Pacific Ltd,201412,LO850446,Hsin-chu,,Lo,Chao-Chun,SCIFINDER ENTERPRISE,0.00,0.00,USD,SciFinder Web,Keep-Me-Posted Weekly Web,16
398844,iGroup Asia Pacific Ltd,201412,LU960583,Hsin-chu,,Lu,Yi-Huang,SCIFINDER ENTERPRISE,0.00,0.00,USD,SciFinder Web,Explore by Substructure,1
398844,iGroup Asia Pacific Ltd,201412,LU960583,Hsin-chu,,Lu,Yi-Huang,SCIFINDER ENTERPRISE,0.00,0.00,USD,SciFinder Web,Explore by Research Topic Web,5
398844,iGroup Asia Pacific Ltd,201412,LU960583,Hsin-chu,,Lu,Yi-Huang,SCIFINDER ENTERPRISE,0.00,0.00,USD,SciFinder Web,Substances - Get Reactions Web,16
398844,iGroup Asia Pacific Ltd,201412,OU910517,Hsin-chu,,Ou,Chun Yao,SCIFINDER ENTERPRISE,0.00,0.00,USD,SciFinder Web,Explore by Molecular Formula,6
398844,iGroup Asia Pacific Ltd,201412,OU910517,Hsin-chu,,Ou,Chun Yao,SCIFINDER ENTERPRISE,0.00,0.00,USD,SciFinder Web,Locate by Substance ID,4
398844,iGroup Asia Pacific Ltd,201412,OU910517,Hsin-chu,,Ou,Chun Yao,SCIFINDER ENTERPRISE,0.00,0.00,USD,SciFinder Web,Explore by Research Topic Web,3
398844,iGroup Asia Pacific Ltd,201412,OU910517,Hsin-chu,,Ou,Chun Yao,SCIFINDER ENTERPRISE,0.00,0.00,USD,SciFinder Web,References - Get Reactions Web,1
398844,iGroup Asia Pacific Ltd,201412,SCIJB2378,Hsin-chu,,Kung,Yu-Ruei,SCIFINDER ENTERPRISE,0.00,0.00,USD,SciFinder Web,Explore by Structures,9
398844,iGroup Asia Pacific Ltd,201412,SCIJB2378,Hsin-chu,,Kung,Yu-Ruei,SCIFINDER ENTERPRISE,0.00,0.00,USD,SciFinder Web,Explore by Research Topic Web,1
398844,iGroup Asia Pacific Ltd,201412,SCIJB2378,Hsin-chu,,Kung,Yu-Ruei,SCIFINDER ENTERPRISE,0.00,0.00,USD,SciFinder Web,Substances - Get Reactions Web,5
398844,iGroup Asia Pacific Ltd,201412,SFGSS354,Hsin-chu,,Lin,Yung-Chan,SCIFINDER ENTERPRISE,0.00,0.00,USD,SciFinder Web,Explore by Structures,7
398844,iGroup Asia Pacific Ltd,201412,SFGSS354,Hsin-chu,,Lin,Yung-Chan,SCIFINDER ENTERPRISE,0.00,0.00,USD,SciFinder Web,Explore Reactions,3
398844,iGroup Asia Pacific Ltd,201412,SFGSS354,Hsin-chu,,Lin,Yung-Chan,SCIFINDER ENTERPRISE,0.00,0.00,USD,SciFinder Web,Closed Reaction Search,1
398844,iGroup Asia Pacific Ltd,201412,SFGSS354,Hsin-chu,,Lin,Yung-Chan,SCIFINDER ENTERPRISE,0.00,0.00,USD,SciFinder Web,Substances - Get Reactions Web,1
398844,iGroup Asia Pacific Ltd,201412,SFGSS357,Hsin-chu,,Chen,Claire,SCIFINDER ENTERPRISE,0.00,0.00,USD,SciFinder Web,Locate by Substance ID,8
398844,iGroup Asia Pacific Ltd,201412,SFGSS357,Hsin-chu,,Chen,Claire,SCIFINDER ENTERPRISE,0.00,0.00,USD,SciFinder Web,Explore by Research Topic Web,2
398844,iGroup Asia Pacific Ltd,201412,SFGSS360,Hsin-chu,,Teng,Dr Kelly,SCIFINDER ENTERPRISE,0.00,0.00,USD,SciFinder Web,Explore by Author Name Web,2
398844,iGroup Asia Pacific Ltd,201412,SFGSS360,Hsin-chu,,Teng,Dr Kelly,SCIFINDER ENTERPRISE,0.00,0.00,USD,SciFinder Web,Explore by Research Topic Web,8
398844,iGroup Asia Pacific Ltd,201412,SFGSS362,Hsin-chu,,Lo,Sandra,SCIFINDER ENTERPRISE,0.00,0.00,USD,SciFinder Web,Explore by Research Topic Web,3
398844,iGroup Asia Pacific Ltd,201412,SFGSS366,Hsin-chu,,Lee,Lain-Tze,SCIFINDER ENTERPRISE,0.00,0.00,USD,SciFinder Web,Explore by Structures,2
398844,iGroup Asia Pacific Ltd,201412,SFGSS366,Hsin-chu,,Lee,Lain-Tze,SCIFINDER ENTERPRISE,0.00,0.00,USD,SciFinder Web,Explore Reactions,9
398844,iGroup Asia Pacific Ltd,201412,SFGSS366,Hsin-chu,,Lee,Lain-Tze,SCIFINDER ENTERPRISE,0.00,0.00,USD,SciFinder Web,Explore by Substructure,4
398844,iGroup Asia Pacific Ltd,201412,SFGSS366,Hsin-chu,,Lee,Lain-Tze,SCIFINDER ENTERPRISE,0.00,0.00,USD,SciFinder Web,Explore by Structure Similarity,1
398844,iGroup Asia Pacific Ltd,201412,SFGSS366,Hsin-chu,,Lee,Lain-Tze,SCIFINDER ENTERPRISE,0.00,0.00,USD,SciFinder Web,Locate by Substance ID,1
398844,iGroup Asia Pacific Ltd,201412,SHEN980073,Hsin-chu,,Shen,Roi,SCIFINDER ENTERPRISE,0.00,0.00,USD,SciFinder Web,Explore by Research Topic Web,23
398844,iGroup Asia Pacific Ltd,201412,TSAI529716,Hsin-chu,,Tsai,Chao-Ho,SCIFINDER ENTERPRISE,0.00,0.00,USD,SciFinder Web,Explore by Research Topic Web,3
398844,iGroup Asia Pacific Ltd,201412,WANG930499,Hsin-chu,,Wang,Wen-Hsien,SCIFINDER ENTERPRISE,0.00,0.00,USD,SciFinder Web,Explore by Research Topic Web,2
398844,iGroup Asia Pacific Ltd,201412,WANG930499,Hsin-chu,,Wang,Wen-Hsien,SCIFINDER ENTERPRISE,0.00,0.00,USD,SciFinder Web,References - Get Substances Web,2
398844,iGroup Asia Pacific Ltd,201412,WANG930499,Hsin-chu,,Wang,Wen-Hsien,SCIFINDER ENTERPRISE,0.00,0.00,USD,SciFinder Web,Substances - Get Reactions Web,1
398844,iGroup Asia Pacific Ltd,201412,WANG970550,Hsin-chu,,Wang,Kuo-Chang,SCIFINDER ENTERPRISE,0.00,0.00,USD,SciFinder Web,Explore by Substructure,1
398844,iGroup Asia Pacific Ltd,201412,WANGA00177,Hsin-chu,,Wang,Yi-Rong,SCIFINDER ENTERPRISE,0.00,0.00,USD,SciFinder Web,Explore by Structures,868
398844,iGroup Asia Pacific Ltd,201412,WANGA00177,Hsin-chu,,Wang,Yi-Rong,SCIFINDER ENTERPRISE,0.00,0.00,USD,SciFinder Web,Explore by Substructure,266
398844,iGroup Asia Pacific Ltd,201412,WANGA00177,Hsin-chu,,Wang,Yi-Rong,SCIFINDER ENTERPRISE,0.00,0.00,USD,SciFinder Web,Locate by Substance ID,3
398844,iGroup Asia Pacific Ltd,201412,WANGA00177,Hsin-chu,,Wang,Yi-Rong,SCIFINDER ENTERPRISE,0.00,0.00,USD,SciFinder Web,Explore by Author Name Web,3
398844,iGroup Asia Pacific Ltd,201412,WANGA00177,Hsin-chu,,Wang,Yi-Rong,SCIFINDER ENTERPRISE,0.00,0.00,USD,SciFinder Web,Explore by Research Topic Web,6
398844,iGroup Asia Pacific Ltd,201412,WANGA00177,Hsin-chu,,Wang,Yi-Rong,SCIFINDER ENTERPRISE,0.00,0.00,USD,SciFinder Web,Explore by Patent Web,4
398844,iGroup Asia Pacific Ltd,201412,WANGA10248,Hsin-chu,,Wang,Yi-Ting,SCIFINDER ENTERPRISE,0.00,0.00,USD,SciFinder Web,Explore by Research Topic Web,9
398844,iGroup Asia Pacific Ltd,201412,WANGA30186,Hsin-chu,,Wang,Chiu-Tung,SCIFINDER ENTERPRISE,0.00,0.00,USD,SciFinder Web,Explore by Substructure,4
398844,iGroup Asia Pacific Ltd,201412,WANGA30186,Hsin-chu,,Wang,Chiu-Tung,SCIFINDER ENTERPRISE,0.00,0.00,USD,SciFinder Web,References - Get Reactions Web,1
398844,iGroup Asia Pacific Ltd,201412,WANGA30186,Hsin-chu,,Wang,Chiu-Tung,SCIFINDER ENTERPRISE,0.00,0.00,USD,SciFinder Web,Substances - Get Reactions Web,5
398844,iGroup Asia Pacific Ltd,201412,WANGA30186,Hsin-chu,,Wang,Chiu-Tung,SCIFINDER ENTERPRISE,0.00,0.00,USD,SciFinder Web,Reaction-Get Ref from a Reaction Sub Web,1
398844,iGroup Asia Pacific Ltd,201412,WEN920454,Hsin-chu,,Wen,Yen-Fang,SCIFINDER ENTERPRISE,0.00,0.00,USD,SciFinder Web,Explore by Structures,2
398844,iGroup Asia Pacific Ltd,201412,WU409775,Hsin-chu,,Wu,Shiau-Mei,SCIFINDER ENTERPRISE,0.00,0.00,USD,SciFinder Web,Explore by Research Topic Web,9
398844,iGroup Asia Pacific Ltd,201412,WU880175,Hsin-chu,,Wu,Cheng-Tao,SCIFINDER ENTERPRISE,0.00,0.00,USD,SciFinder Web,Index Term Search,3
398844,iGroup Asia Pacific Ltd,201412,WU880175,Hsin-chu,,Wu,Cheng-Tao,SCIFINDER ENTERPRISE,0.00,0.00,USD,SciFinder Web,Explore by Research Topic Web,9
398844,iGroup Asia Pacific Ltd,201412,WU880175,Hsin-chu,,Wu,Cheng-Tao,SCIFINDER ENTERPRISE,0.00,0.00,USD,SciFinder Web,Explore by Company Name Web,1
398844,iGroup Asia Pacific Ltd,201412,WU880175,Hsin-chu,,Wu,Cheng-Tao,SCIFINDER ENTERPRISE,0.00,0.00,USD,SciFinder Web,References - Get Substances Web,1
398844,iGroup Asia Pacific Ltd,201412,WU880711,Hsin-chu,,Wu,Chang-Hung,SCIFINDER ENTERPRISE,0.00,0.00,USD,SciFinder Web,Explore by Substructure,1
398844,iGroup Asia Pacific Ltd,201412,WU880711,Hsin-chu,,Wu,Chang-Hung,SCIFINDER ENTERPRISE,0.00,0.00,USD,SciFinder Web,Explore by Structure Similarity,3
398844,iGroup Asia Pacific Ltd,201412,WU880711,Hsin-chu,,Wu,Chang-Hung,SCIFINDER ENTERPRISE,0.00,0.00,USD,SciFinder Web,Explore by Research Topic Web,5
398844,iGroup Asia Pacific Ltd,201412,WU900348,Hsin-chu,,Wu,Hsin-Chieh,SCIFINDER ENTERPRISE,0.00,0.00,USD,SciFinder Web,Explore by Research Topic Web,12
398844,iGroup Asia Pacific Ltd,201412,WUA10430,Hsin-chu,,Wu,Cheng-An,SCIFINDER ENTERPRISE,0.00,0.00,USD,SciFinder Web,Explore by Structures,3
398844,iGroup Asia Pacific Ltd,201412,WUA10430,Hsin-chu,,Wu,Cheng-An,SCIFINDER ENTERPRISE,0.00,0.00,USD,SciFinder Web,Explore Reactions,9
398844,iGroup Asia Pacific Ltd,201412,WUA10430,Hsin-chu,,Wu,Cheng-An,SCIFINDER ENTERPRISE,0.00,0.00,USD,SciFinder Web,Explore by Substructure,9
398844,iGroup Asia Pacific Ltd,201412,YANGA20202,Hsin-chu,,Yang,Hui-Yun,SCIFINDER ENTERPRISE,0.00,0.00,USD,SciFinder Web,Explore Reactions,4
398844,iGroup Asia Pacific Ltd,201412,YANGA20202,Hsin-chu,,Yang,Hui-Yun,SCIFINDER ENTERPRISE,0.00,0.00,USD,SciFinder Web,Explore by Research Topic Web,6
398844,iGroup Asia Pacific Ltd,201412,YEH910569,Hsin-chu,,Yeh,Shu-Ling,SCIFINDER ENTERPRISE,0.00,0.00,USD,SciFinder Web,Explore by Substructure,27
398844,iGroup Asia Pacific Ltd,201412,YEH910569,Hsin-chu,,Yeh,Shu-Ling,SCIFINDER ENTERPRISE,0.00,0.00,USD,SciFinder Web,Explore by Molecular Formula,4
398844,iGroup Asia Pacific Ltd,201412,YEH910569,Hsin-chu,,Yeh,Shu-Ling,SCIFINDER ENTERPRISE,0.00,0.00,USD,SciFinder Web,Explore by Research Topic Web,8
398844,iGroup Asia Pacific Ltd,201412,YEH910569,Hsin-chu,,Yeh,Shu-Ling,SCIFINDER ENTERPRISE,0.00,0.00,USD,SciFinder Web,Explore by Company Name Web,1
398844,iGroup Asia Pacific Ltd,201412,YEH910569,Hsin-chu,,Yeh,Shu-Ling,SCIFINDER ENTERPRISE,0.00,0.00,USD,SciFinder Web,Explore by Substructure-Markush - Web,4
398844,iGroup Asia Pacific Ltd,201412,YEH940398,Hsin-chu,,Yeh,Kuo-Liang,SCIFINDER ENTERPRISE,0.00,0.00,USD,SciFinder Web,Explore Reactions,5
